Frame,Drop Height,Change,Distance
1,742,0,0
2,244,-498,0
3,742,498,0
4,742,0,0
5,742,0,0
6,244,-498,0
7,73,-171,0
8,244,171,0
9,244,0,0
10,244,0,0
11,244,0,0
12,244,0,0
13,860,616,0
14,860,0,0
15,244,-616,0
16,244,0,0
17,742,498,0
18,860,118,0
19,860,0,0
20,733,-127,0
21,757,24,0
22,742,-15,0
23,860,118,0
24,767,-93,0
25,742,-25,0
26,733,-9,0
27,733,0,0
28,860,127,0
29,860,0,0
30,860,0,0
31,860,0,0
32,860,0,0
33,860,0,0
34,860,0,0
35,860,0,0
36,860,0,0
37,860,0,0
38,860,0,0
39,860,0,0
40,860,0,0
41,860,0,0
42,742,-118,0
43,860,118,0
44,860,0,0
45,860,0,0
46,860,0,0
47,757,-103,0
48,757,0,0
49,757,0,0
50,244,-513,0
51,244,0,0
52,244,0,0
53,244,0,0
54,244,0,0
55,244,0,0
56,244,0,0
57,244,0,0
58,244,0,0
59,860,616,0
60,860,0,0
61,742,-118,0
62,742,0,0
63,860,118,0
64,860,0,0
65,860,0,0
66,742,-118,0
67,244,-498,0
68,860,616,0
69,860,0,0
70,860,0,0
71,860,0,0
72,243,-617,0
73,242,-1,0
74,744,502,0
75,860,116,0
76,240,-620,0
77,860,620,0
78,860,0,0
79,237,-623,0
80,236,-1,0
81,236,0,0
82,235,-1,0
83,235,0,0
84,234,-1,0
85,233,-1,0
86,232,-1,0
87,231,-1,0
88,357,126,0
89,857,500,0
90,229,-628,0
91,229,0,0
92,228,-1,0
93,228,0,0
94,228,0,0
95,227,-1,0
96,725,498,0
97,725,0,0
98,227,-498,0
99,227,0,0
100,725,498,0
101,725,0,0
102,227,-498,0
103,839,612,0
104,227,-612,0
105,725,498,0
106,725,0,0
107,750,25,0
108,750,0,0
109,735,-15,0
110,750,15,0
111,725,-25,0
112,725,0,0
113,725,0,0
114,725,0,0
115,227,-498,0
116,709,482,0
117,227,-482,0
118,227,0,0
119,227,0,0
120,227,0,0
121,73,-154,0
122,227,154,0
123,73,-154,0
124,735,662,0
125,746,11,0
126,750,4,0
127,227,-523,0
128,227,0,0
129,716,489,0
130,227,-489,0
131,227,0,0
132,227,0,0
133,227,0,0
134,227,0,0
135,227,0,0
136,226,-1,0
137,226,0,0
138,226,0,0
139,225,-1,0
140,754,529,0
141,225,-529,0
142,351,126,0
143,225,-126,0
144,73,-152,0
145,225,152,0
146,225,0,0
147,732,507,0
148,224,-508,0
149,224,0,0
150,224,0,0
151,712,488,0
152,223,-489,0
153,755,532,0
154,73,-682,0
155,221,148,0
156,744,523,0
157,221,-523,0
158,221,0,0
159,221,0,0
160,754,533,0
161,221,-533,0
162,221,0,0
163,220,-1,0
164,220,0,0
165,73,-147,0
166,219,146,0
167,219,0,0
168,726,507,0
169,218,-508,0
170,218,0,0
171,217,-1,0
172,217,0,0
173,217,0,0
174,217,0,0
175,217,0,0
176,217,0,0
177,216,-1,0
178,215,-1,0
179,215,0,0
180,747,532,0
181,214,-533,0
182,214,0,0
183,214,0,0
184,214,0,0
185,214,0,0
186,214,0,0
187,213,-1,0
188,213,0,0
189,212,-1,0
190,212,0,0
191,211,-1,0
192,211,0,0
193,210,-1,0
194,210,0,0
195,74,-136,0
196,766,692,0
197,765,-1,0
198,711,-54,0
199,731,20,0
200,710,-21,0
201,86,-624,0
202,94,8,0
203,94,0,0
204,714,620,0
205,206,-508,0
206,206,0,0
207,738,532,0
208,205,-533,0
209,205,0,0
210,205,0,0
211,205,0,0
212,205,0,0
213,205,0,0
214,205,0,0
215,204,-1,0
216,204,0,0
217,204,0,0
218,204,0,0
219,204,0,0
220,204,0,0
221,204,0,0
222,204,0,0
223,204,0,0
224,204,0,0
225,204,0,0
226,204,0,0
227,204,0,0
228,204,0,0
229,204,0,0
230,204,0,0
231,204,0,0
232,204,0,0
233,204,0,0
234,204,0,0
235,204,0,0
236,204,0,0
237,204,0,0
238,204,0,0
239,204,0,0
240,204,0,0
241,726,522,0
242,726,0,0
243,95,-631,0
244,204,109,0
245,204,0,0
246,737,533,0
247,737,0,0
248,737,0,0
249,204,-533,0
250,706,502,0
251,736,30,0
252,204,-532,0
253,204,0,0
254,204,0,0
255,204,0,0
256,203,-1,0
257,203,0,0
258,203,0,0
259,202,-1,0
260,202,0,0
261,202,0,0
262,767,565,0
263,202,-565,0
264,201,-1,0
265,201,0,0
266,200,-1,0
267,200,0,0
268,200,0,0
269,199,-1,0
270,199,0,0
271,198,-1,0
272,90,-108,0
273,85,-5,0
274,197,112,0
275,196,-1,0
276,196,0,0
277,196,0,0
278,196,0,0
279,196,0,0
280,196,0,0
281,195,-1,0
282,195,0,0
283,194,-1,0
284,194,0,0
285,194,0,0
286,194,0,0
287,857,663,0
288,758,-99,0
289,715,-43,0
290,192,-523,0
291,724,532,0
292,725,1,0
293,725,0,0
294,713,-12,0
295,191,-522,0
296,729,538,0
297,191,-538,0
298,191,0,0
299,728,537,0
300,191,-537,0
301,722,531,0
302,190,-532,0
303,189,-1,0
304,92,-97,0
305,92,0,0
306,95,3,0
307,85,-10,0
308,188,103,0
309,188,0,0
310,85,-103,0
311,95,10,0
312,709,614,0
313,187,-522,0
314,95,-92,0
315,718,623,0
316,186,-532,0
317,186,0,0
318,186,0,0
319,185,-1,0
320,707,522,0
321,85,-622,0
322,94,9,0
323,94,0,0
324,185,91,0
325,185,0,0
326,681,496,0
327,184,-497,0
328,705,521,0
329,184,-521,0
330,184,0,0
331,185,1,0
332,183,-2,0
333,95,-88,0
334,182,87,0
335,86,-96,0
336,182,96,0
337,182,0,0
338,182,0,0
339,704,522,0
340,74,-630,0
341,74,0,0
342,74,0,0
343,74,0,0
344,74,0,0
345,182,108,0
346,704,522,0
347,75,-629,0
348,73,-2,0
349,753,680,0
350,182,-571,0
351,182,0,0
352,74,-108,0
353,704,630,0
354,704,0,0
355,704,0,0
356,754,50,0
357,73,-681,0
358,74,1,0
359,182,108,0
360,182,0,0
361,182,0,0
362,182,0,0
363,86,-96,0
364,182,96,0
365,182,0,0
366,725,543,0
367,725,0,0
368,182,-543,0
369,751,569,0
370,278,-473,0
371,752,474,0
372,752,0,0
373,752,0,0
374,752,0,0
375,182,-570,0
376,83,-99,0
377,182,99,0
378,182,0,0
379,670,488,0
380,670,0,0
381,710,40,0
382,710,0,0
383,710,0,0
384,710,0,0
385,710,0,0
386,694,-16,0
387,694,0,0
388,754,60,0
389,694,-60,0
390,752,58,0
391,725,-27,0
392,752,27,0
393,725,-27,0
394,694,-31,0
395,694,0,0
396,694,0,0
397,74,-620,0
398,694,620,0
399,694,0,0
400,694,0,0
401,751,57,0
402,751,0,0
403,74,-677,0
404,183,109,0
405,183,0,0
406,183,0,0
407,183,0,0
408,183,0,0
409,183,0,0
410,74,-109,0
411,74,0,0
412,74,0,0
413,710,636,0
414,710,0,0
415,710,0,0
416,710,0,0
417,74,-636,0
418,710,636,0
419,710,0,0
420,710,0,0
421,74,-636,0
422,183,109,0
423,74,-109,0
424,74,0,0
425,74,0,0
426,74,0,0
427,694,620,0
428,694,0,0
429,183,-511,0
430,74,-109,0
431,183,109,0
432,183,0,0
433,183,0,0
434,183,0,0
435,74,-109,0
436,74,0,0
437,187,113,0
438,74,-113,0
439,74,0,0
440,74,0,0
441,74,0,0
442,85,11,0
443,186,101,0
444,74,-112,0
445,74,0,0
446,74,0,0
447,74,0,0
448,700,626,0
449,700,0,0
450,74,-626,0
451,74,0,0
452,700,626,0
453,74,-626,0
454,700,626,0
455,700,0,0
456,74,-626,0
457,74,0,0
458,74,0,0
459,700,626,0
460,700,0,0
461,183,-517,0
462,183,0,0
463,183,0,0
464,74,-109,0
465,84,10,0
466,183,99,0
467,183,0,0
468,183,0,0
469,183,0,0
470,74,-109,0
471,74,0,0
472,74,0,0
473,74,0,0
474,74,0,0
475,74,0,0
476,74,0,0
477,183,109,0
478,84,-99,0
479,74,-10,0
480,74,0,0
481,74,0,0
482,183,109,0
483,183,0,0
484,183,0,0
485,183,0,0
486,183,0,0
487,183,0,0
488,183,0,0
489,183,0,0
490,183,0,0
491,183,0,0
492,75,-108,0
493,75,0,0
494,689,614,0
495,725,36,0
496,700,-25,0
497,183,-517,0
498,183,0,0
499,183,0,0
500,183,0,0
501,183,0,0
502,183,0,0
503,183,0,0
504,725,542,0
505,74,-651,0
506,74,0,0
507,74,0,0
508,74,0,0
509,183,109,0
510,183,0,0
511,183,0,0
512,183,0,0
513,183,0,0
514,75,-108,0
515,75,0,0
516,75,0,0
517,75,0,0
518,75,0,0
519,75,0,0
520,75,0,0
521,75,0,0
522,75,0,0
523,75,0,0
524,75,0,0
525,75,0,0
526,183,108,0
527,700,517,0
528,183,-517,0
529,715,532,0
530,715,0,0
531,715,0,0
532,715,0,0
533,715,0,0
534,715,0,0
535,715,0,0
536,715,0,0
537,715,0,0
538,715,0,0
539,715,0,0
540,715,0,0
541,751,36,0
542,715,-36,0
543,183,-532,0
544,183,0,0
545,715,532,0
546,183,-532,0
547,85,-98,0
548,96,11,0
549,715,619,0
550,96,-619,0
551,715,619,0
552,715,0,0
553,96,-619,0
554,96,0,0
555,183,87,0
556,96,-87,0
557,96,0,0
558,96,0,0
559,96,0,0
560,731,635,0
561,731,0,0
562,715,-16,0
563,715,0,0
564,715,0,0
565,715,0,0
566,715,0,0
567,715,0,0
568,187,-528,0
569,96,-91,0
570,187,91,0
571,183,-4,0
572,183,0,0
573,183,0,0
574,187,4,0
575,187,0,0
576,183,-4,0
577,183,0,0
578,183,0,0
579,183,0,0
580,183,0,0
581,754,571,0
582,754,0,0
583,183,-571,0
584,188,5,0
585,188,0,0
586,188,0,0
587,183,-5,0
588,84,-99,0
589,84,0,0
590,84,0,0
591,84,0,0
592,84,0,0
593,96,12,0
594,96,0,0
595,96,0,0
596,183,87,0
597,183,0,0
598,96,-87,0
599,96,0,0
600,96,0,0
601,75,-21,0
602,75,0,0
603,75,0,0
604,75,0,0
605,75,0,0
606,75,0,0
607,75,0,0
608,75,0,0
609,75,0,0
610,183,108,0
611,183,0,0
612,75,-108,0
613,75,0,0
614,183,108,0
615,183,0,0
616,74,-109,0
617,74,0,0
618,75,1,0
619,183,108,0
620,183,0,0
621,183,0,0
622,183,0,0
623,183,0,0
624,183,0,0
625,183,0,0
626,183,0,0
627,183,0,0
628,183,0,0
629,183,0,0
630,183,0,0
631,183,0,0
632,183,0,0
633,183,0,0
634,183,0,0
635,183,0,0
636,183,0,0
637,75,-108,0
638,75,0,0
639,75,0,0
640,75,0,0
641,75,0,0
642,75,0,0
643,75,0,0
644,75,0,0
645,75,0,0
646,75,0,0
647,75,0,0
648,75,0,0
649,75,0,0
650,75,0,0
651,75,0,0
652,75,0,0
653,75,0,0
654,75,0,0
655,75,0,0
656,75,0,0
657,75,0,0
658,75,0,0
659,75,0,0
660,183,108,0
661,183,0,0
662,183,0,0
663,721,538,0
664,715,-6,0
665,715,0,0
666,183,-532,0
667,183,0,0
668,183,0,0
669,75,-108,0
670,75,0,0
671,75,0,0
672,183,108,0
673,715,532,0
674,715,0,0
675,183,-532,0
676,183,0,0
677,715,532,0
678,715,0,0
679,715,0,0
680,715,0,0
681,715,0,0
682,715,0,0
683,715,0,0
684,715,0,0
685,715,0,0
686,715,0,0
687,715,0,0
688,715,0,0
689,715,0,0
690,715,0,0
691,183,-532,0
692,75,-108,0
693,75,0,0
694,75,0,0
695,75,0,0
696,75,0,0
697,75,0,0
698,75,0,0
699,75,0,0
700,75,0,0
701,183,108,0
702,860,677,0
703,183,-677,0
704,183,0,0
705,759,576,0
706,759,0,0
707,860,101,0
708,860,0,0
709,183,-677,0
710,183,0,0
711,183,0,0
712,183,0,0
713,183,0,0
714,183,0,0
715,183,0,0
716,183,0,0
717,183,0,0
718,183,0,0
719,183,0,0
720,183,0,0
721,183,0,0
722,183,0,0
723,75,-108,0
724,183,108,0
725,183,0,0
726,183,0,0
727,75,-108,0
728,75,0,0
729,75,0,0
730,75,0,0
731,75,0,0
732,715,640,0
733,715,0,0
734,715,0,0
735,183,-532,0
736,183,0,0
737,183,0,0
738,183,0,0
739,183,0,0
740,183,0,0
741,183,0,0
742,183,0,0
743,183,0,0
744,183,0,0
745,183,0,0
746,183,0,0
747,183,0,0
748,183,0,0
749,183,0,0
750,183,0,0
751,183,0,0
752,75,-108,0
753,75,0,0
754,75,0,0
755,75,0,0
756,75,0,0
757,75,0,0
758,75,0,0
759,75,0,0
760,75,0,0
761,75,0,0
762,75,0,0
763,75,0,0
764,75,0,0
765,75,0,0
766,75,0,0
767,75,0,0
768,75,0,0
769,75,0,0
770,75,0,0
771,75,0,0
772,75,0,0
773,75,0,0
774,75,0,0
775,75,0,0
776,75,0,0
777,75,0,0
778,75,0,0
779,75,0,0
780,75,0,0
781,75,0,0
782,75,0,0
783,183,108,0
784,183,0,0
785,75,-108,0
786,75,0,0
787,75,0,0
788,75,0,0
789,75,0,0
790,75,0,0
791,75,0,0
792,75,0,0
793,75,0,0
794,183,108,0
795,183,0,0
796,183,0,0
797,75,-108,0
798,75,0,0
799,75,0,0
800,75,0,0
801,75,0,0
802,75,0,0
803,75,0,0
804,75,0,0
805,75,0,0
806,75,0,0
807,75,0,0
808,75,0,0
809,75,0,0
810,74,-1,0
811,74,0,0
812,74,0,0
813,74,0,0
814,74,0,0
815,74,0,0
816,86,12,0
817,86,0,0
818,183,97,0
819,183,0,0
820,183,0,0
821,183,0,0
822,183,0,0
823,183,0,0
824,711,528,0
825,183,-528,0
826,88,-95,0
827,88,0,0
828,88,0,0
829,74,-14,0
830,95,21,0
831,86,-9,0
832,86,0,0
833,74,-12,0
834,74,0,0
835,74,0,0
836,74,0,0
837,74,0,0
838,74,0,0
839,74,0,0
840,74,0,0
841,74,0,0
842,74,0,0
843,74,0,0
844,74,0,0
845,74,0,0
846,74,0,0
847,74,0,0
848,74,0,0
849,183,109,0
850,183,0,0
851,183,0,0
852,183,0,0
853,183,0,0
854,183,0,0
855,74,-109,0
856,74,0,0
857,74,0,0
858,74,0,0
859,74,0,0
860,74,0,0
861,74,0,0
862,74,0,0
863,74,0,0
864,74,0,0
865,183,109,0
866,74,-109,0
867,183,109,0
868,183,0,0
869,710,527,0
870,74,-636,0
871,74,0,0
872,93,19,0
873,93,0,0
874,93,0,0
875,83,-10,0
876,83,0,0
877,74,-9,0
878,74,0,0
879,74,0,0
880,74,0,0
881,74,0,0
882,74,0,0
883,74,0,0
884,74,0,0
885,74,0,0
886,74,0,0
887,86,12,0
888,74,-12,0
889,74,0,0
890,74,0,0
891,74,0,0
892,74,0,0
893,82,8,0
894,82,0,0
895,82,0,0
896,82,0,0
897,183,101,0
898,82,-101,0
899,82,0,0
900,82,0,0
901,83,1,0
902,83,0,0
903,83,0,0
904,83,0,0
905,83,0,0
906,83,0,0
907,83,0,0
908,83,0,0
909,83,0,0
910,83,0,0
911,83,0,0
912,83,0,0
913,83,0,0
914,81,-2,0
915,81,0,0
916,83,2,0
917,83,0,0
918,74,-9,0
919,74,0,0
920,74,0,0
921,74,0,0
922,74,0,0
923,74,0,0
924,83,9,0
925,83,0,0
926,83,0,0
927,83,0,0
928,83,0,0
929,83,0,0
930,74,-9,0
931,74,0,0
932,74,0,0
933,74,0,0
934,74,0,0
935,74,0,0
936,74,0,0
937,74,0,0
938,74,0,0
939,74,0,0
940,74,0,0
941,74,0,0
942,74,0,0
943,74,0,0
944,74,0,0
945,74,0,0
946,74,0,0
947,183,109,0
948,183,0,0
949,183,0,0
950,714,531,0
951,714,0,0
952,183,-531,0
953,714,531,0
954,714,0,0
955,714,0,0
956,714,0,0
957,714,0,0
958,714,0,0
959,714,0,0
960,714,0,0
961,183,-531,0
962,714,531,0
963,74,-640,0
964,74,0,0
965,74,0,0
966,724,650,0
967,724,0,0
968,710,-14,0
969,710,0,0
970,710,0,0
971,710,0,0
972,81,-629,0
973,710,629,0
974,720,10,0
975,724,4,0
976,724,0,0
977,724,0,0
978,724,0,0
979,183,-541,0
980,183,0,0
981,183,0,0
982,183,0,0
983,183,0,0
984,183,0,0
985,183,0,0
986,183,0,0
987,182,-1,0
988,182,0,0
989,182,0,0
990,182,0,0
991,182,0,0
992,755,573,0
993,755,0,0
994,724,-31,0
995,182,-542,0
996,182,0,0
997,182,0,0
998,81,-101,0
999,74,-7,0
1000,81,7,0
1001,81,0,0
1002,81,0,0
1003,81,0,0
1004,81,0,0
1005,670,589,0
1006,670,0,0
1007,673,3,0
1008,673,0,0
1009,670,-3,0
1010,752,82,0
1011,752,0,0
1012,752,0,0
1013,752,0,0
1014,81,-671,0
1015,81,0,0
1016,81,0,0
1017,81,0,0
1018,81,0,0
1019,81,0,0
1020,81,0,0
1021,81,0,0
1022,81,0,0
1023,81,0,0
1024,95,14,0
1025,91,-4,0
1026,91,0,0
1027,91,0,0
1028,91,0,0
1029,95,4,0
1030,95,0,0
1031,95,0,0
1032,95,0,0
1033,95,0,0
1034,95,0,0
1035,95,0,0
1036,710,615,0
1037,710,0,0
1038,710,0,0
1039,710,0,0
1040,710,0,0
1041,710,0,0
1042,710,0,0
1043,710,0,0
1044,710,0,0
1045,81,-629,0
1046,670,589,0
1047,95,-575,0
1048,670,575,0
1049,95,-575,0
1050,670,575,0
1051,95,-575,0
1052,670,575,0
1053,670,0,0
1054,670,0,0
1055,670,0,0
1056,671,1,0
1057,670,-1,0
1058,670,0,0
1059,670,0,0
1060,670,0,0
1061,677,7,0
1062,671,-6,0
1063,95,-576,0
1064,182,87,0
1065,182,0,0
1066,182,0,0
1067,704,522,0
1068,704,0,0
1069,704,0,0
1070,670,-34,0
1071,670,0,0
1072,670,0,0
1073,670,0,0
1074,85,-585,0
1075,85,0,0
1076,182,97,0
1077,182,0,0
1078,182,0,0
1079,182,0,0
1080,182,0,0
1081,182,0,0
1082,182,0,0
1083,182,0,0
1084,182,0,0
1085,182,0,0
1086,74,-108,0
1087,74,0,0
1088,74,0,0
1089,720,646,0
1090,720,0,0
1091,95,-625,0
1092,95,0,0
1093,182,87,0
1094,182,0,0
1095,182,0,0
1096,182,0,0
1097,182,0,0
1098,182,0,0
1099,182,0,0
1100,95,-87,0
1101,95,0,0
1102,182,87,0
1103,182,0,0
1104,182,0,0
1105,182,0,0
1106,182,0,0
1107,182,0,0
1108,182,0,0
1109,182,0,0
1110,182,0,0
1111,95,-87,0
1112,95,0,0
1113,720,625,0
1114,720,0,0
1115,720,0,0
1116,720,0,0
1117,720,0,0
1118,182,-538,0
1119,182,0,0
1120,714,532,0
1121,95,-619,0
1122,95,0,0
1123,84,-11,0
1124,95,11,0
1125,95,0,0
1126,182,87,0
1127,182,0,0
1128,182,0,0
1129,74,-108,0
1130,95,21,0
1131,95,0,0
1132,95,0,0
1133,182,87,0
1134,182,0,0
1135,182,0,0
1136,182,0,0
1137,182,0,0
1138,74,-108,0
1139,74,0,0
1140,74,0,0
1141,182,108,0
1142,182,0,0
1143,182,0,0
1144,182,0,0
1145,182,0,0
1146,74,-108,0
1147,182,108,0
1148,714,532,0
1149,714,0,0
1150,704,-10,0
1151,182,-522,0
1152,182,0,0
1153,182,0,0
1154,182,0,0
1155,182,0,0
1156,182,0,0
1157,182,0,0
1158,74,-108,0
1159,182,108,0
1160,84,-98,0
1161,84,0,0
1162,82,-2,0
1163,82,0,0
1164,182,100,0
1165,75,-107,0
1166,182,107,0
1167,182,0,0
1168,182,0,0
1169,182,0,0
1170,182,0,0
1171,182,0,0
1172,182,0,0
1173,183,1,0
1174,183,0,0
1175,75,-108,0
1176,183,108,0
1177,183,0,0
1178,183,0,0
1179,183,0,0
1180,95,-88,0
1181,95,0,0
1182,95,0,0
1183,95,0,0
1184,91,-4,0
1185,91,0,0
1186,183,92,0
1187,75,-108,0
1188,75,0,0
1189,75,0,0
1190,74,-1,0
1191,74,0,0
1192,74,0,0
1193,95,21,0
1194,95,0,0
1195,74,-21,0
1196,74,0,0
1197,74,0,0
1198,689,615,0
1199,182,-507,0
1200,182,0,0
1201,182,0,0
1202,182,0,0
1203,182,0,0
1204,182,0,0
1205,182,0,0
1206,182,0,0
1207,182,0,0
1208,182,0,0
1209,73,-109,0
1210,182,109,0
1211,95,-87,0
1212,95,0,0
1213,73,-22,0
1214,87,14,0
1215,87,0,0
1216,73,-14,0
1217,73,0,0
1218,73,0,0
1219,87,14,0
1220,73,-14,0
1221,73,0,0
1222,73,0,0
1223,73,0,0
1224,73,0,0
1225,75,2,0
1226,73,-2,0
1227,73,0,0
1228,73,0,0
1229,73,0,0
1230,73,0,0
1231,87,14,0
1232,73,-14,0
1233,87,14,0
1234,182,95,0
1235,182,0,0
1236,182,0,0
1237,182,0,0
1238,73,-109,0
1239,73,0,0
1240,81,8,0
1241,81,0,0
1242,81,0,0
1243,73,-8,0
1244,73,0,0
1245,182,109,0
1246,182,0,0
1247,182,0,0
1248,76,-106,0
1249,76,0,0
1250,77,1,0
1251,77,0,0
1252,81,4,0
1253,81,0,0
1254,81,0,0
1255,73,-8,0
1256,74,1,0
1257,74,0,0
1258,87,13,0
1259,94,7,0
1260,94,0,0
1261,94,0,0
1262,94,0,0
1263,94,0,0
1264,94,0,0
1265,92,-2,0
1266,92,0,0
1267,92,0,0
1268,84,-8,0
1269,81,-3,0
1270,81,0,0
1271,81,0,0
1272,81,0,0
1273,82,1,0
1274,82,0,0
1275,82,0,0
1276,82,0,0
1277,82,0,0
1278,82,0,0
1279,182,100,0
1280,73,-109,0
1281,73,0,0
1282,73,0,0
1283,73,0,0
1284,73,0,0
1285,73,0,0
1286,73,0,0
1287,73,0,0
1288,81,8,0
1289,81,0,0
1290,73,-8,0
1291,74,1,0
1292,74,0,0
1293,74,0,0
1294,74,0,0
1295,74,0,0
1296,82,8,0
1297,82,0,0
1298,82,0,0
1299,83,1,0
1300,83,0,0
1301,83,0,0
1302,83,0,0
1303,83,0,0
1304,92,9,0
1305,83,-9,0
1306,83,0,0
1307,83,0,0
1308,73,-10,0
1309,73,0,0
1310,73,0,0
1311,73,0,0
1312,73,0,0
1313,73,0,0
1314,73,0,0
1315,73,0,0
1316,73,0,0
1317,73,0,0
1318,73,0,0
1319,73,0,0
1320,73,0,0
1321,73,0,0
1322,73,0,0
1323,73,0,0
1324,73,0,0
1325,73,0,0
1326,73,0,0
1327,73,0,0
1328,73,0,0
1329,73,0,0
1330,73,0,0
1331,73,0,0
1332,73,0,0
1333,94,21,0
1334,73,-21,0
1335,94,21,0
1336,73,-21,0
1337,73,0,0
1338,73,0,0
1339,94,21,0
1340,73,-21,0
1341,73,0,0
1342,182,109,0
1343,182,0,0
1344,94,-88,0
1345,699,605,0
1346,83,-616,0
1347,94,11,0
1348,94,0,0
1349,94,0,0
1350,94,0,0
1351,73,-21,0
1352,73,0,0
1353,73,0,0
1354,182,109,0
1355,73,-109,0
1356,94,21,0
1357,94,0,0
1358,182,88,0
1359,94,-88,0
1360,82,-12,0
1361,73,-9,0
1362,73,0,0
1363,73,0,0
1364,73,0,0
1365,73,0,0
1366,94,21,0
1367,94,0,0
1368,94,0,0
1369,94,0,0
1370,94,0,0
1371,73,-21,0
1372,94,21,0
1373,73,-21,0
1374,742,669,0
1375,745,3,0
1376,745,0,0
1377,746,1,0
1378,746,0,0
1379,748,2,0
1380,748,0,0
1381,745,-3,0
1382,745,0,0
1383,743,-2,0
1384,742,-1,0
1385,742,0,0
1386,742,0,0
1387,181,-561,0
1388,181,0,0
1389,87,-94,0
1390,87,0,0
1391,87,0,0
1392,87,0,0
1393,94,7,0
1394,744,650,0
1395,745,1,0
1396,94,-651,0
1397,92,-2,0
1398,92,0,0
1399,92,0,0
1400,743,651,0
1401,743,0,0
1402,743,0,0
1403,745,2,0
1404,79,-666,0
1405,79,0,0
1406,82,3,0
1407,79,-3,0
1408,83,4,0
1409,83,0,0
1410,83,0,0
1411,83,0,0
1412,87,4,0
1413,87,0,0
1414,87,0,0
1415,87,0,0
1416,73,-14,0
1417,87,14,0
1418,91,4,0
1419,90,-1,0
1420,90,0,0
1421,90,0,0
1422,90,0,0
1423,85,-5,0
1424,90,5,0
1425,73,-17,0
1426,73,0,0
1427,73,0,0
1428,73,0,0
1429,85,12,0
1430,73,-12,0
1431,73,0,0
1432,182,109,0
1433,73,-109,0
1434,73,0,0
1435,185,112,0
1436,185,0,0
1437,73,-112,0
1438,73,0,0
1439,73,0,0
1440,73,0,0
1441,82,9,0
1442,308,226,0
1443,85,-223,0
1444,85,0,0
1445,83,-2,0
1446,85,2,0
1447,85,0,0
1448,860,775,0
1449,73,-787,0
1450,860,787,0
1451,85,-775,0
1452,85,0,0
1453,73,-12,0
1454,73,0,0
1455,73,0,0
1456,73,0,0
1457,73,0,0
1458,73,0,0
1459,73,0,0
1460,82,9,0
1461,82,0,0
1462,73,-9,0
1463,85,12,0
1464,85,0,0
1465,85,0,0
1466,85,0,0
1467,73,-12,0
1468,73,0,0
1469,73,0,0
1470,73,0,0
1471,73,0,0
1472,73,0,0
1473,73,0,0
1474,85,12,0
1475,94,9,0
1476,94,0,0
1477,85,-9,0
1478,85,0,0
1479,73,-12,0
1480,73,0,0
1481,73,0,0
1482,73,0,0
1483,94,21,0
1484,94,0,0
1485,182,88,0
1486,94,-88,0
1487,73,-21,0
1488,73,0,0
1489,73,0,0
1490,73,0,0
1491,94,21,0
1492,73,-21,0
1493,182,109,0
1494,73,-109,0
1495,73,0,0
1496,743,670,0
1497,743,0,0
1498,73,-670,0
1499,744,671,0
1500,744,0,0
1501,745,1,0
1502,745,0,0
1503,745,0,0
1504,745,0,0
1505,745,0,0
1506,744,-1,0
1507,744,0,0
1508,744,0,0
1509,744,0,0
1510,744,0,0
1511,744,0,0
1512,744,0,0
1513,744,0,0
1514,744,0,0
1515,744,0,0
1516,744,0,0
1517,744,0,0
1518,743,-1,0
1519,743,0,0
1520,752,9,0
1521,751,-1,0
1522,751,0,0
1523,751,0,0
1524,751,0,0
1525,752,1,0
1526,748,-4,0
1527,749,1,0
1528,749,0,0
1529,749,0,0
1530,743,-6,0
1531,182,-561,0
1532,720,538,0
1533,94,-626,0
1534,308,214,0
1535,308,0,0
1536,182,-126,0
1537,182,0,0
1538,182,0,0
1539,182,0,0
1540,182,0,0
1541,182,0,0
1542,182,0,0
1543,182,0,0
1544,182,0,0
1545,182,0,0
1546,182,0,0
1547,182,0,0
1548,182,0,0
1549,73,-109,0
1550,73,0,0
1551,73,0,0
1552,182,109,0
1553,182,0,0
1554,182,0,0
1555,182,0,0
1556,720,538,0
1557,182,-538,0
1558,182,0,0
1559,182,0,0
1560,182,0,0
1561,181,-1,0
1562,181,0,0
1563,181,0,0
1564,181,0,0
1565,85,-96,0
1566,181,96,0
1567,181,0,0
1568,181,0,0
1569,73,-108,0
1570,859,786,0
1571,859,0,0
1572,720,-139,0
1573,720,0,0
1574,720,0,0
1575,720,0,0
1576,720,0,0
1577,720,0,0
1578,720,0,0
1579,720,0,0
1580,720,0,0
1581,720,0,0
1582,720,0,0
1583,85,-635,0
1584,754,669,0
1585,754,0,0
1586,754,0,0
1587,751,-3,0
1588,751,0,0
1589,85,-666,0
1590,73,-12,0
1591,181,108,0
1592,85,-96,0
1593,753,668,0
1594,753,0,0
1595,753,0,0
1596,94,-659,0
1597,94,0,0
1598,94,0,0
1599,182,88,0
1600,181,-1,0
1601,73,-108,0
1602,73,0,0
1603,86,13,0
1604,86,0,0
1605,85,-1,0
1606,85,0,0
1607,85,0,0
1608,73,-12,0
1609,73,0,0
1610,73,0,0
1611,73,0,0
1612,308,235,0
1613,85,-223,0
1614,73,-12,0
1615,73,0,0
1616,73,0,0
1617,73,0,0
1618,73,0,0
1619,73,0,0
1620,73,0,0
1621,73,0,0
1622,73,0,0
1623,743,670,0
1624,743,0,0
1625,743,0,0
1626,743,0,0
1627,743,0,0
1628,743,0,0
1629,743,0,0
1630,743,0,0
1631,743,0,0
1632,743,0,0
1633,720,-23,0
1634,720,0,0
1635,743,23,0
1636,743,0,0
1637,73,-670,0
1638,85,12,0
1639,719,634,0
1640,714,-5,0
1641,73,-641,0
1642,742,669,0
1643,742,0,0
1644,743,1,0
1645,709,-34,0
1646,743,34,0
1647,743,0,0
1648,743,0,0
1649,743,0,0
1650,743,0,0
1651,744,1,0
1652,744,0,0
1653,744,0,0
1654,744,0,0
1655,745,1,0
1656,74,-671,0
1657,745,671,0
1658,744,-1,0
1659,744,0,0
1660,744,0,0
1661,744,0,0
1662,744,0,0
1663,744,0,0
1664,744,0,0
1665,744,0,0
1666,744,0,0
1667,744,0,0
1668,742,-2,0
1669,73,-669,0
1670,73,0,0
1671,181,108,0
1672,83,-98,0
1673,83,0,0
1674,73,-10,0
1675,73,0,0
1676,73,0,0
1677,73,0,0
1678,73,0,0
1679,73,0,0
1680,73,0,0
1681,73,0,0
1682,750,677,0
1683,750,0,0
1684,750,0,0
1685,73,-677,0
1686,73,0,0
1687,73,0,0
1688,182,109,0
1689,84,-98,0
1690,751,667,0
1691,753,2,0
1692,753,0,0
1693,753,0,0
1694,753,0,0
1695,753,0,0
1696,745,-8,0
1697,74,-671,0
1698,74,0,0
1699,73,-1,0
1700,744,671,0
1701,744,0,0
1702,744,0,0
1703,73,-671,0
1704,73,0,0
1705,73,0,0
1706,73,0,0
1707,182,109,0
1708,73,-109,0
1709,73,0,0
1710,73,0,0
1711,182,109,0
1712,73,-109,0
1713,73,0,0
1714,73,0,0
1715,182,109,0
1716,182,0,0
1717,73,-109,0
1718,73,0,0
1719,182,109,0
1720,85,-97,0
1721,714,629,0
1722,714,0,0
1723,182,-532,0
1724,182,0,0
1725,182,0,0
1726,85,-97,0
1727,73,-12,0
1728,182,109,0
1729,182,0,0
1730,182,0,0
1731,85,-97,0
1732,85,0,0
1733,73,-12,0
1734,182,109,0
1735,73,-109,0
1736,73,0,0
1737,73,0,0
1738,73,0,0
1739,714,641,0
1740,85,-629,0
1741,714,629,0
1742,714,0,0
1743,73,-641,0
1744,73,0,0
1745,73,0,0
1746,714,641,0
1747,714,0,0
1748,714,0,0
1749,714,0,0
1750,714,0,0
1751,714,0,0
1752,73,-641,0
1753,182,109,0
1754,182,0,0
1755,73,-109,0
1756,182,109,0
1757,714,532,0
1758,714,0,0
1759,73,-641,0
1760,73,0,0
1761,73,0,0
1762,74,1,0
1763,73,-1,0
1764,74,1,0
1765,182,108,0
1766,182,0,0
1767,714,532,0
1768,73,-641,0
1769,714,641,0
1770,714,0,0
1771,182,-532,0
1772,182,0,0
1773,182,0,0
1774,73,-109,0
1775,73,0,0
1776,73,0,0
1777,73,0,0
1778,73,0,0
1779,73,0,0
1780,73,0,0
1781,73,0,0
1782,91,18,0
1783,73,-18,0
1784,182,109,0
1785,748,566,0
1786,748,0,0
1787,748,0,0
1788,747,-1,0
1789,747,0,0
1790,747,0,0
1791,754,7,0
1792,754,0,0
1793,859,105,0
1794,859,0,0
1795,859,0,0
1796,859,0,0
1797,859,0,0
1798,859,0,0
1799,859,0,0
1800,859,0,0
1801,859,0,0
1802,859,0,0
1803,859,0,0
1804,754,-105,0
1805,754,0,0
1806,754,0,0
1807,755,1,0
1808,755,0,0
1809,860,105,0
1810,860,0,0
1811,860,0,0
1812,757,-103,0
1813,758,1,0
1814,758,0,0
1815,758,0,0
1816,758,0,0
1817,758,0,0
1818,758,0,0
1819,758,0,0
1820,82,-676,0
1821,82,0,0
1822,82,0,0
1823,74,-8,0
1824,74,0,0
1825,85,11,0
1826,85,0,0
1827,85,0,0
1828,85,0,0
1829,85,0,0
1830,85,0,0
1831,74,-11,0
1832,74,0,0
1833,74,0,0
1834,74,0,0
1835,74,0,0
1836,75,1,0
1837,75,0,0
1838,714,639,0
1839,714,0,0
1840,85,-629,0
1841,75,-10,0
1842,81,6,0
1843,74,-7,0
1844,74,0,0
1845,74,0,0
1846,74,0,0
1847,74,0,0
1848,74,0,0
1849,74,0,0
1850,74,0,0
1851,74,0,0
1852,74,0,0
1853,74,0,0
1854,74,0,0
1855,74,0,0
1856,74,0,0
1857,74,0,0
1858,74,0,0
1859,74,0,0
1860,74,0,0
1861,83,9,0
1862,725,642,0
1863,725,0,0
1864,725,0,0
1865,725,0,0
1866,74,-651,0
1867,74,0,0
1868,720,646,0
1869,720,0,0
1870,720,0,0
1871,720,0,0
1872,720,0,0
1873,720,0,0
1874,720,0,0
1875,720,0,0
1876,725,5,0
1877,81,-644,0
1878,81,0,0
1879,81,0,0
1880,83,2,0
1881,83,0,0
1882,83,0,0
1883,74,-9,0
1884,83,9,0
1885,721,638,0
1886,714,-7,0
1887,83,-631,0
1888,721,638,0
1889,81,-640,0
1890,81,0,0
1891,721,640,0
1892,183,-538,0
1893,183,0,0
1894,183,0,0
1895,182,-1,0
1896,74,-108,0
1897,74,0,0
1898,74,0,0
1899,74,0,0
1900,74,0,0
1901,74,0,0
1902,74,0,0
1903,74,0,0
1904,74,0,0
1905,74,0,0
1906,75,1,0
1907,75,0,0
1908,75,0,0
1909,75,0,0
1910,75,0,0
1911,183,108,0
1912,80,-103,0
1913,82,2,0
1914,81,-1,0
1915,81,0,0
1916,81,0,0
1917,81,0,0
1918,81,0,0
1919,81,0,0
1920,81,0,0
1921,81,0,0
1922,82,1,0
1923,82,0,0
1924,82,0,0
1925,82,0,0
1926,74,-8,0
1927,74,0,0
1928,74,0,0
1929,74,0,0
1930,74,0,0
1931,76,2,0
1932,76,0,0
1933,81,5,0
1934,81,0,0
1935,74,-7,0
1936,74,0,0
1937,81,7,0
1938,81,0,0
1939,95,14,0
1940,79,-16,0
1941,74,-5,0
1942,183,109,0
1943,95,-88,0
1944,95,0,0
1945,74,-21,0
1946,183,109,0
1947,721,538,0
1948,721,0,0
1949,721,0,0
1950,183,-538,0
1951,757,574,0
1952,752,-5,0
1953,757,5,0
1954,758,1,0
1955,758,0,0
1956,758,0,0
1957,758,0,0
1958,758,0,0
1959,758,0,0
1960,859,101,0
1961,859,0,0
1962,859,0,0
1963,859,0,0
1964,859,0,0
1965,859,0,0
1966,859,0,0
1967,859,0,0
1968,84,-775,0
1969,91,7,0
1970,91,0,0
1971,91,0,0
1972,91,0,0
1973,84,-7,0
1974,82,-2,0
1975,82,0,0
1976,82,0,0
1977,91,9,0
1978,91,0,0
1979,82,-9,0
1980,82,0,0
1981,715,633,0
1982,859,144,0
1983,84,-775,0
1984,82,-2,0
1985,82,0,0
1986,84,2,0
1987,84,0,0
1988,84,0,0
1989,84,0,0
1990,84,0,0
1991,84,0,0
1992,84,0,0
1993,84,0,0
1994,183,99,0
1995,183,0,0
1996,721,538,0
1997,183,-538,0
1998,183,0,0
1999,183,0,0
2000,183,0,0
2001,721,538,0
2002,75,-646,0
2003,75,0,0
2004,75,0,0
2005,75,0,0
2006,75,0,0
2007,75,0,0
2008,75,0,0
2009,75,0,0
2010,75,0,0
2011,75,0,0
2012,84,9,0
2013,84,0,0
2014,84,0,0
2015,84,0,0
2016,75,-9,0
2017,75,0,0
2018,75,0,0
2019,75,0,0
2020,75,0,0
2021,75,0,0
2022,75,0,0
2023,75,0,0
2024,75,0,0
2025,75,0,0
2026,75,0,0
2027,75,0,0
2028,75,0,0
2029,75,0,0
2030,75,0,0
2031,75,0,0
2032,75,0,0
2033,75,0,0
2034,75,0,0
2035,75,0,0
2036,75,0,0
2037,75,0,0
2038,75,0,0
2039,75,0,0
2040,82,7,0
2041,82,0,0
2042,75,-7,0
2043,75,0,0
2044,75,0,0
2045,75,0,0
2046,75,0,0
2047,75,0,0
2048,75,0,0
2049,75,0,0
2050,75,0,0
2051,75,0,0
2052,82,7,0
2053,82,0,0
2054,82,0,0
2055,82,0,0
2056,82,0,0
2057,82,0,0
2058,75,-7,0
2059,75,0,0
2060,75,0,0
2061,82,7,0
2062,82,0,0
2063,82,0,0
2064,82,0,0
2065,82,0,0
2066,82,0,0
2067,82,0,0
2068,75,-7,0
2069,689,614,0
2070,689,0,0
2071,75,-614,0
2072,75,0,0
2073,75,0,0
2074,75,0,0
2075,75,0,0
2076,75,0,0
2077,75,0,0
2078,75,0,0
2079,75,0,0
2080,75,0,0
2081,75,0,0
2082,75,0,0
2083,82,7,0
2084,82,0,0
2085,75,-7,0
2086,82,7,0
2087,82,0,0
2088,82,0,0
2089,82,0,0
2090,82,0,0
2091,82,0,0
2092,82,0,0
2093,82,0,0
2094,82,0,0
2095,82,0,0
2096,82,0,0
2097,75,-7,0
2098,75,0,0
2099,75,0,0
2100,183,108,0
2101,82,-101,0
2102,82,0,0
2103,75,-7,0
2104,75,0,0
2105,75,0,0
2106,80,5,0
2107,75,-5,0
2108,75,0,0
2109,183,108,0
2110,183,0,0
2111,690,507,0
2112,721,31,0
2113,84,-637,0
2114,84,0,0
2115,84,0,0
2116,75,-9,0
2117,75,0,0
2118,721,646,0
2119,721,0,0
2120,721,0,0
2121,721,0,0
2122,721,0,0
2123,721,0,0
2124,721,0,0
2125,721,0,0
2126,721,0,0
2127,721,0,0
2128,721,0,0
2129,721,0,0
2130,721,0,0
2131,721,0,0
2132,721,0,0
2133,726,5,0
2134,721,-5,0
2135,721,0,0
2136,75,-646,0
2137,744,669,0
2138,744,0,0
2139,744,0,0
2140,726,-18,0
2141,726,0,0
2142,726,0,0
2143,80,-646,0
2144,75,-5,0
2145,75,0,0
2146,75,0,0
2147,75,0,0
2148,75,0,0
2149,75,0,0
2150,75,0,0
2151,75,0,0
2152,75,0,0
2153,75,0,0
2154,726,651,0
2155,715,-11,0
2156,715,0,0
2157,715,0,0
2158,715,0,0
2159,715,0,0
2160,715,0,0
2161,726,11,0
2162,726,0,0
2163,726,0,0
2164,726,0,0
2165,726,0,0
2166,726,0,0
2167,859,133,0
2168,859,0,0
2169,75,-784,0
2170,859,784,0
2171,859,0,0
2172,747,-112,0
2173,747,0,0
2174,747,0,0
2175,760,13,0
2176,760,0,0
2177,760,0,0
2178,760,0,0
2179,760,0,0
2180,726,-34,0
2181,84,-642,0
2182,84,0,0
2183,84,0,0
2184,726,642,0
2185,726,0,0
2186,726,0,0
2187,726,0,0
2188,726,0,0
2189,726,0,0
2190,726,0,0
2191,859,133,0
2192,859,0,0
2193,859,0,0
2194,859,0,0
2195,762,-97,0
2196,762,0,0
2197,762,0,0
2198,761,-1,0
2199,761,0,0
2200,760,-1,0
2201,859,99,0
2202,859,0,0
2203,859,0,0
2204,746,-113,0
2205,745,-1,0
2206,745,0,0
2207,742,-3,0
2208,743,1,0
2209,743,0,0
2210,743,0,0
2211,744,1,0
2212,743,-1,0
2213,744,1,0
2214,743,-1,0
2215,743,0,0
2216,743,0,0
2217,744,1,0
2218,744,0,0
2219,746,2,0
2220,744,-2,0
2221,744,0,0
2222,744,0,0
2223,744,0,0
2224,744,0,0
2225,744,0,0
2226,744,0,0
2227,744,0,0
2228,745,1,0
2229,745,0,0
2230,745,0,0
2231,745,0,0
2232,83,-662,0
2233,83,0,0
2234,77,-6,0
2235,77,0,0
2236,726,649,0
2237,726,0,0
2238,184,-542,0
2239,83,-101,0
2240,83,0,0
2241,184,101,0
2242,184,0,0
2243,726,542,0
2244,726,0,0
2245,83,-643,0
2246,83,0,0
2247,184,101,0
2248,184,0,0
2249,726,542,0
2250,184,-542,0
2251,184,0,0
2252,184,0,0
2253,184,0,0
2254,184,0,0
2255,184,0,0
2256,184,0,0
2257,184,0,0
2258,184,0,0
2259,184,0,0
2260,184,0,0
2261,184,0,0
2262,184,0,0
2263,184,0,0
2264,184,0,0
2265,747,563,0
2266,747,0,0
2267,747,0,0
2268,747,0,0
2269,745,-2,0
2270,745,0,0
2271,184,-561,0
2272,184,0,0
2273,184,0,0
2274,184,0,0
2275,184,0,0
2276,184,0,0
2277,184,0,0
2278,184,0,0
2279,184,0,0
2280,184,0,0
2281,184,0,0
2282,184,0,0
2283,184,0,0
2284,184,0,0
2285,184,0,0
2286,716,532,0
2287,722,6,0
2288,722,0,0
2289,726,4,0
2290,726,0,0
2291,184,-542,0
2292,726,542,0
2293,184,-542,0
2294,726,542,0
2295,726,0,0
2296,184,-542,0
2297,184,0,0
2298,716,532,0
2299,716,0,0
2300,184,-532,0
2301,184,0,0
2302,184,0,0
2303,184,0,0
2304,184,0,0
2305,716,532,0
2306,716,0,0
2307,184,-532,0
2308,184,0,0
2309,184,0,0
2310,184,0,0
2311,716,532,0
2312,716,0,0
2313,184,-532,0
2314,716,532,0
2315,716,0,0
2316,722,6,0
2317,722,0,0
2318,722,0,0
2319,722,0,0
2320,722,0,0
2321,722,0,0
2322,722,0,0
2323,722,0,0
2324,722,0,0
2325,722,0,0
2326,722,0,0
2327,722,0,0
2328,722,0,0
2329,722,0,0
2330,722,0,0
2331,722,0,0
2332,722,0,0
2333,716,-6,0
2334,716,0,0
2335,184,-532,0
2336,716,532,0
2337,184,-532,0
2338,184,0,0
2339,184,0,0
2340,184,0,0
2341,716,532,0
2342,184,-532,0
2343,716,532,0
2344,716,0,0
2345,716,0,0
2346,184,-532,0
2347,184,0,0
2348,184,0,0
2349,184,0,0
2350,716,532,0
2351,722,6,0
2352,722,0,0
2353,716,-6,0
2354,716,0,0
2355,716,0,0
2356,716,0,0
2357,716,0,0
2358,716,0,0
2359,716,0,0
2360,716,0,0
2361,716,0,0
2362,716,0,0
2363,716,0,0
2364,184,-532,0
2365,184,0,0
2366,184,0,0
2367,184,0,0
2368,184,0,0
2369,184,0,0
2370,184,0,0
2371,184,0,0
2372,184,0,0
2373,716,532,0
2374,716,0,0
2375,716,0,0
2376,716,0,0
2377,716,0,0
2378,716,0,0
2379,716,0,0
2380,716,0,0
2381,184,-532,0
2382,184,0,0
2383,716,532,0
2384,716,0,0
2385,716,0,0
2386,184,-532,0
2387,184,0,0
2388,184,0,0
2389,184,0,0
2390,184,0,0
2391,184,0,0
2392,184,0,0
2393,184,0,0
2394,184,0,0
2395,184,0,0
2396,184,0,0
2397,184,0,0
2398,184,0,0
2399,184,0,0
2400,184,0,0
2401,76,-108,0
2402,76,0,0
2403,84,8,0
2404,726,642,0
2405,726,0,0
2406,726,0,0
2407,722,-4,0
2408,722,0,0
2409,184,-538,0
2410,184,0,0
2411,184,0,0
2412,184,0,0
2413,184,0,0
2414,184,0,0
2415,184,0,0
2416,184,0,0
2417,184,0,0
2418,184,0,0
2419,184,0,0
2420,184,0,0
2421,184,0,0
2422,184,0,0
2423,184,0,0
2424,184,0,0
2425,184,0,0
2426,722,538,0
2427,722,0,0
2428,722,0,0
2429,722,0,0
2430,184,-538,0
2431,184,0,0
2432,184,0,0
2433,184,0,0
2434,184,0,0
2435,184,0,0
2436,184,0,0
2437,722,538,0
2438,722,0,0
2439,722,0,0
2440,97,-625,0
2441,184,87,0
2442,184,0,0
2443,184,0,0
2444,722,538,0
2445,722,0,0
2446,716,-6,0
2447,716,0,0
2448,716,0,0
2449,716,0,0
2450,97,-619,0
2451,722,625,0
2452,722,0,0
2453,722,0,0
2454,722,0,0
2455,716,-6,0
2456,716,0,0
2457,91,-625,0
2458,97,6,0
2459,97,0,0
2460,91,-6,0
2461,91,0,0
2462,756,665,0
2463,756,0,0
2464,735,-21,0
2465,735,0,0
2466,735,0,0
2467,734,-1,0
2468,736,2,0
2469,735,-1,0
2470,734,-1,0
2471,757,23,0
2472,184,-573,0
2473,184,0,0
2474,184,0,0
2475,184,0,0
2476,184,0,0
2477,184,0,0
2478,97,-87,0
2479,97,0,0
2480,97,0,0
2481,97,0,0
2482,91,-6,0
2483,91,0,0
2484,735,644,0
2485,735,0,0
2486,735,0,0
2487,735,0,0
2488,735,0,0
2489,730,-5,0
2490,730,0,0
2491,737,7,0
2492,91,-646,0
2493,184,93,0
2494,184,0,0
2495,97,-87,0
2496,759,662,0
2497,759,0,0
2498,759,0,0
2499,76,-683,0
2500,184,108,0
2501,97,-87,0
2502,97,0,0
2503,97,0,0
2504,97,0,0
2505,95,-2,0
2506,95,0,0
2507,84,-11,0
2508,84,0,0
2509,84,0,0
2510,76,-8,0
2511,76,0,0
2512,76,0,0
2513,97,21,0
2514,97,0,0
2515,184,87,0
2516,95,-89,0
2517,95,0,0
2518,95,0,0
2519,184,89,0
2520,95,-89,0
2521,95,0,0
2522,95,0,0
2523,97,2,0
2524,97,0,0
2525,184,87,0
2526,184,0,0
2527,184,0,0
2528,184,0,0
2529,97,-87,0
2530,97,0,0
2531,97,0,0
2532,97,0,0
2533,716,619,0
2534,184,-532,0
2535,184,0,0
2536,184,0,0
2537,184,0,0
2538,184,0,0
2539,716,532,0
2540,184,-532,0
2541,184,0,0
2542,184,0,0
2543,716,532,0
2544,716,0,0
2545,184,-532,0
2546,94,-90,0
2547,97,3,0
2548,97,0,0
2549,184,87,0
2550,94,-90,0
2551,94,0,0
2552,184,90,0
2553,184,0,0
2554,184,0,0
2555,184,0,0
2556,184,0,0
2557,184,0,0
2558,184,0,0
2559,184,0,0
2560,184,0,0
2561,184,0,0
2562,184,0,0
2563,184,0,0
2564,184,0,0
2565,184,0,0
2566,184,0,0
2567,184,0,0
2568,184,0,0
2569,75,-109,0
2570,75,0,0
2571,184,109,0
2572,184,0,0
2573,89,-95,0
2574,184,95,0
2575,82,-102,0
2576,82,0,0
2577,76,-6,0
2578,84,8,0
2579,84,0,0
2580,84,0,0
2581,84,0,0
2582,75,-9,0
2583,75,0,0
2584,75,0,0
2585,75,0,0
2586,75,0,0
2587,75,0,0
2588,75,0,0
2589,75,0,0
2590,75,0,0
2591,75,0,0
2592,75,0,0
2593,75,0,0
2594,75,0,0
2595,75,0,0
2596,75,0,0
2597,75,0,0
2598,75,0,0
2599,75,0,0
2600,75,0,0
2601,75,0,0
2602,75,0,0
2603,75,0,0
2604,75,0,0
2605,737,662,0
2606,737,0,0
2607,737,0,0
2608,737,0,0
2609,737,0,0
2610,737,0,0
2611,747,10,0
2612,747,0,0
2613,747,0,0
2614,747,0,0
2615,747,0,0
2616,747,0,0
2617,742,-5,0
2618,742,0,0
2619,742,0,0
2620,742,0,0
2621,742,0,0
2622,742,0,0
2623,742,0,0
2624,742,0,0
2625,742,0,0
2626,742,0,0
2627,742,0,0
2628,742,0,0
2629,742,0,0
2630,742,0,0
2631,742,0,0
2632,742,0,0
2633,742,0,0
2634,754,12,0
2635,754,0,0
2636,754,0,0
2637,754,0,0
2638,754,0,0
2639,754,0,0
2640,753,-1,0
2641,754,1,0
2642,754,0,0
2643,754,0,0
2644,754,0,0
2645,754,0,0
2646,754,0,0
2647,754,0,0
2648,754,0,0
2649,754,0,0
2650,754,0,0
2651,754,0,0
2652,753,-1,0
2653,753,0,0
2654,753,0,0
2655,755,2,0
2656,755,0,0
2657,755,0,0
2658,754,-1,0
2659,753,-1,0
2660,753,0,0
2661,753,0,0
2662,753,0,0
2663,753,0,0
2664,753,0,0
2665,753,0,0
2666,753,0,0
2667,736,-17,0
2668,736,0,0
2669,736,0,0
2670,742,6,0
2671,742,0,0
2672,742,0,0
2673,742,0,0
2674,742,0,0
2675,742,0,0
2676,742,0,0
2677,747,5,0
2678,747,0,0
2679,749,2,0
2680,748,-1,0
2681,748,0,0
2682,747,-1,0
2683,747,0,0
2684,746,-1,0
2685,745,-1,0
2686,746,1,0
2687,746,0,0
2688,746,0,0
2689,746,0,0
2690,746,0,0
2691,746,0,0
2692,746,0,0
2693,745,-1,0
2694,745,0,0
2695,745,0,0
2696,745,0,0
2697,746,1,0
2698,746,0,0
2699,746,0,0
2700,745,-1,0
2701,726,-19,0
2702,726,0,0
2703,726,0,0
2704,726,0,0
2705,726,0,0
2706,726,0,0
2707,726,0,0
2708,726,0,0
2709,726,0,0
2710,745,19,0
2711,745,0,0
2712,745,0,0
2713,749,4,0
2714,746,-3,0
2715,746,0,0
2716,745,-1,0
2717,745,0,0
2718,745,0,0
2719,745,0,0
2720,745,0,0
2721,744,-1,0
2722,745,1,0
2723,744,-1,0
2724,746,2,0
2725,726,-20,0
2726,726,0,0
2727,726,0,0
2728,726,0,0
2729,726,0,0
2730,726,0,0
2731,726,0,0
2732,726,0,0
2733,726,0,0
2734,726,0,0
2735,75,-651,0
2736,75,0,0
2737,75,0,0
2738,726,651,0
2739,726,0,0
2740,726,0,0
2741,726,0,0
2742,726,0,0
2743,726,0,0
2744,726,0,0
2745,726,0,0
2746,726,0,0
2747,726,0,0
2748,726,0,0
2749,726,0,0
2750,75,-651,0
2751,726,651,0
2752,726,0,0
2753,77,-649,0
2754,77,0,0
2755,726,649,0
2756,726,0,0
2757,74,-652,0
2758,74,0,0
2759,74,0,0
2760,74,0,0
2761,74,0,0
2762,74,0,0
2763,736,662,0
2764,74,-662,0
2765,74,0,0
2766,77,3,0
2767,736,659,0
2768,77,-659,0
2769,736,659,0
2770,736,0,0
2771,74,-662,0
2772,74,0,0
2773,74,0,0
2774,74,0,0
2775,74,0,0
2776,736,662,0
2777,736,0,0
2778,736,0,0
2779,736,0,0
2780,183,-553,0
2781,183,0,0
2782,77,-106,0
2783,77,0,0
2784,77,0,0
2785,77,0,0
2786,77,0,0
2787,74,-3,0
2788,74,0,0
2789,74,0,0
2790,77,3,0
2791,77,0,0
2792,77,0,0
2793,76,-1,0
2794,76,0,0
2795,76,0,0
2796,76,0,0
2797,77,1,0
2798,732,655,0
2799,741,9,0
2800,183,-558,0
2801,183,0,0
2802,82,-101,0
2803,183,101,0
2804,742,559,0
2805,741,-1,0
2806,742,1,0
2807,742,0,0
2808,742,0,0
2809,741,-1,0
2810,741,0,0
2811,741,0,0
2812,81,-660,0
2813,81,0,0
2814,74,-7,0
2815,77,3,0
2816,92,15,0
2817,83,-9,0
2818,83,0,0
2819,93,10,0
2820,183,90,0
2821,183,0,0
2822,183,0,0
2823,183,0,0
2824,183,0,0
2825,183,0,0
2826,183,0,0
2827,183,0,0
2828,183,0,0
2829,183,0,0
2830,183,0,0
2831,183,0,0
2832,76,-107,0
2833,74,-2,0
2834,74,0,0
2835,82,8,0
2836,74,-8,0
2837,74,0,0
2838,741,667,0
2839,741,0,0
2840,741,0,0
2841,741,0,0
2842,77,-664,0
2843,74,-3,0
2844,74,0,0
2845,74,0,0
2846,183,109,0
2847,471,288,0
2848,74,-397,0
2849,76,2,0
2850,74,-2,0
2851,471,397,0
2852,471,0,0
2853,471,0,0
2854,76,-395,0
2855,76,0,0
2856,471,395,0
2857,491,20,0
2858,491,0,0
2859,471,-20,0
2860,74,-397,0
2861,74,0,0
2862,183,109,0
2863,183,0,0
2864,183,0,0
2865,74,-109,0
2866,74,0,0
2867,471,397,0
2868,491,20,0
2869,491,0,0
2870,491,0,0
2871,491,0,0
2872,491,0,0
2873,491,0,0
2874,491,0,0
2875,741,250,0
2876,74,-667,0
2877,74,0,0
2878,74,0,0
2879,741,667,0
2880,741,0,0
2881,76,-665,0
2882,74,-2,0
2883,74,0,0
2884,74,0,0
2885,741,667,0
2886,741,0,0
2887,183,-558,0
2888,74,-109,0
2889,74,0,0
2890,74,0,0
2891,76,2,0
2892,741,665,0
2893,741,0,0
2894,76,-665,0
2895,741,665,0
2896,741,0,0
2897,741,0,0
2898,741,0,0
2899,76,-665,0
2900,74,-2,0
2901,491,417,0
2902,491,0,0
2903,491,0,0
2904,491,0,0
2905,491,0,0
2906,741,250,0
2907,74,-667,0
2908,741,667,0
2909,741,0,0
2910,741,0,0
2911,741,0,0
2912,741,0,0
2913,741,0,0
2914,741,0,0
2915,741,0,0
2916,741,0,0
2917,741,0,0
2918,741,0,0
2919,741,0,0
2920,741,0,0
2921,428,-313,0
2922,428,0,0
2923,741,313,0
2924,741,0,0
2925,741,0,0
2926,741,0,0
2927,741,0,0
2928,741,0,0
2929,461,-280,0
2930,461,0,0
2931,461,0,0
2932,461,0,0
2933,74,-387,0
2934,74,0,0
2935,741,667,0
2936,715,-26,0
2937,715,0,0
2938,741,26,0
2939,741,0,0
2940,741,0,0
2941,741,0,0
2942,741,0,0
2943,741,0,0
2944,741,0,0
2945,741,0,0
2946,741,0,0
2947,741,0,0
2948,741,0,0
2949,741,0,0
2950,741,0,0
2951,741,0,0
2952,741,0,0
2953,741,0,0
2954,741,0,0
2955,741,0,0
2956,741,0,0
2957,741,0,0
2958,741,0,0
2959,715,-26,0
2960,715,0,0
2961,715,0,0
2962,715,0,0
2963,741,26,0
2964,741,0,0
2965,741,0,0
2966,741,0,0
2967,741,0,0
2968,741,0,0
2969,741,0,0
2970,741,0,0
2971,746,5,0
2972,746,0,0
2973,746,0,0
2974,741,-5,0
2975,741,0,0
2976,741,0,0
2977,746,5,0
2978,746,0,0
2979,183,-563,0
2980,746,563,0
2981,746,0,0
2982,183,-563,0
2983,183,0,0
2984,183,0,0
2985,183,0,0
2986,746,563,0
2987,741,-5,0
2988,741,0,0
2989,746,5,0
2990,746,0,0
2991,746,0,0
2992,746,0,0
2993,746,0,0
2994,746,0,0
2995,331,-415,0
2996,752,421,0
2997,752,0,0
2998,752,0,0
2999,752,0,0
3000,752,0,0
3001,741,-11,0
3002,741,0,0
3003,741,0,0
3004,741,0,0
3005,741,0,0
3006,741,0,0
3007,741,0,0
3008,741,0,0
3009,741,0,0
3010,741,0,0
3011,741,0,0
3012,741,0,0
3013,741,0,0
3014,741,0,0
3015,741,0,0
3016,741,0,0
3017,741,0,0
3018,741,0,0
3019,741,0,0
3020,741,0,0
3021,741,0,0
3022,741,0,0
3023,741,0,0
3024,242,-499,0
3025,741,499,0
3026,93,-648,0
3027,93,0,0
3028,736,643,0
3029,736,0,0
3030,736,0,0
3031,746,10,0
3032,746,0,0
3033,746,0,0
3034,746,0,0
3035,746,0,0
3036,746,0,0
3037,746,0,0
3038,746,0,0
3039,746,0,0
3040,746,0,0
3041,736,-10,0
3042,736,0,0
3043,736,0,0
3044,736,0,0
3045,93,-643,0
3046,93,0,0
3047,93,0,0
3048,746,653,0
3049,746,0,0
3050,746,0,0
3051,746,0,0
3052,746,0,0
3053,746,0,0
3054,746,0,0
3055,746,0,0
3056,746,0,0
3057,746,0,0
3058,746,0,0
3059,746,0,0
3060,746,0,0
3061,746,0,0
3062,721,-25,0
3063,736,15,0
3064,736,0,0
3065,736,0,0
3066,736,0,0
3067,736,0,0
3068,736,0,0
3069,736,0,0
3070,736,0,0
3071,736,0,0
3072,736,0,0
3073,736,0,0
3074,736,0,0
3075,736,0,0
3076,736,0,0
3077,736,0,0
3078,746,10,0
3079,746,0,0
3080,736,-10,0
3081,736,0,0
3082,736,0,0
3083,736,0,0
3084,736,0,0
3085,736,0,0
3086,736,0,0
3087,736,0,0
3088,736,0,0
3089,736,0,0
3090,736,0,0
3091,736,0,0
3092,736,0,0
3093,726,-10,0
3094,726,0,0
3095,726,0,0
3096,736,10,0
3097,726,-10,0
3098,726,0,0
3099,726,0,0
3100,726,0,0
3101,726,0,0
3102,726,0,0
3103,736,10,0
3104,736,0,0
3105,736,0,0
3106,736,0,0
3107,736,0,0
3108,742,6,0
3109,742,0,0
3110,742,0,0
3111,742,0,0
3112,742,0,0
3113,736,-6,0
3114,736,0,0
3115,736,0,0
3116,736,0,0
3117,736,0,0
3118,736,0,0
3119,736,0,0
3120,736,0,0
3121,736,0,0
3122,752,16,0
3123,736,-16,0
3124,736,0,0
3125,736,0,0
3126,736,0,0
3127,736,0,0
3128,736,0,0
3129,736,0,0
3130,736,0,0
3131,736,0,0
3132,736,0,0
3133,736,0,0
3134,736,0,0
3135,736,0,0
3136,736,0,0
3137,736,0,0
3138,736,0,0
3139,736,0,0
3140,736,0,0
3141,736,0,0
3142,736,0,0
3143,736,0,0
3144,411,-325,0
3145,736,325,0
3146,736,0,0
3147,736,0,0
3148,736,0,0
3149,736,0,0
3150,736,0,0
3151,736,0,0
3152,736,0,0
3153,736,0,0
3154,736,0,0
3155,736,0,0
3156,742,6,0
3157,411,-331,0
3158,411,0,0
3159,742,331,0
3160,742,0,0
3161,411,-331,0
3162,742,331,0
3163,742,0,0
3164,736,-6,0
3165,736,0,0
3166,736,0,0
3167,736,0,0
3168,752,16,0
3169,76,-676,0
3170,752,676,0
3171,736,-16,0
3172,736,0,0
3173,76,-660,0
3174,736,660,0
3175,736,0,0
3176,736,0,0
3177,736,0,0
3178,736,0,0
3179,736,0,0
3180,736,0,0
3181,736,0,0
3182,736,0,0
3183,726,-10,0
3184,726,0,0
3185,726,0,0
3186,726,0,0
3187,726,0,0
3188,272,-454,0
3189,272,0,0
3190,726,454,0
3191,726,0,0
3192,726,0,0
3193,726,0,0
3194,726,0,0
3195,726,0,0
3196,747,21,0
3197,747,0,0
3198,747,0,0
3199,736,-11,0
3200,736,0,0
3201,747,11,0
3202,736,-11,0
3203,736,0,0
3204,747,11,0
3205,747,0,0
3206,87,-660,0
3207,736,649,0
3208,736,0,0
3209,746,10,0
3210,746,0,0
3211,746,0,0
3212,746,0,0
3213,746,0,0
3214,746,0,0
3215,736,-10,0
3216,746,10,0
3217,742,-4,0
3218,746,4,0
3219,746,0,0
3220,746,0,0
3221,746,0,0
3222,752,6,0
3223,752,0,0
3224,736,-16,0
3225,736,0,0
3226,736,0,0
3227,747,11,0
3228,756,9,0
3229,757,1,0
3230,757,0,0
3231,757,0,0
3232,756,-1,0
3233,756,0,0
3234,756,0,0
3235,756,0,0
3236,756,0,0
3237,756,0,0
3238,747,-9,0
3239,747,0,0
3240,747,0,0
3241,746,-1,0
3242,746,0,0
3243,746,0,0
3244,746,0,0
3245,746,0,0
3246,746,0,0
3247,746,0,0
3248,746,0,0
3249,746,0,0
3250,746,0,0
3251,736,-10,0
3252,736,0,0
3253,736,0,0
3254,736,0,0
3255,736,0,0
3256,736,0,0
3257,736,0,0
3258,736,0,0
3259,736,0,0
3260,746,10,0
3261,736,-10,0
3262,736,0,0
3263,736,0,0
3264,746,10,0
3265,746,0,0
3266,746,0,0
3267,746,0,0
3268,746,0,0
3269,746,0,0
3270,746,0,0
3271,736,-10,0
3272,736,0,0
3273,747,11,0
3274,736,-11,0
3275,736,0,0
3276,736,0,0
3277,736,0,0
3278,736,0,0
3279,715,-21,0
3280,736,21,0
3281,736,0,0
3282,715,-21,0
3283,715,0,0
3284,746,31,0
3285,746,0,0
3286,746,0,0
3287,746,0,0
3288,752,6,0
3289,752,0,0
3290,752,0,0
3291,752,0,0
3292,752,0,0
3293,746,-6,0
3294,746,0,0
3295,746,0,0
3296,746,0,0
3297,746,0,0
3298,746,0,0
3299,746,0,0
3300,746,0,0
3301,721,-25,0
3302,721,0,0
3303,721,0,0
3304,721,0,0
3305,721,0,0
3306,721,0,0
3307,721,0,0
3308,721,0,0
3309,721,0,0
3310,721,0,0
3311,721,0,0
3312,721,0,0
3313,491,-230,0
3314,721,230,0
3315,721,0,0
3316,721,0,0
3317,721,0,0
3318,721,0,0
3319,746,25,0
3320,746,0,0
3321,746,0,0
3322,746,0,0
3323,746,0,0
3324,746,0,0
3325,746,0,0
3326,746,0,0
3327,746,0,0
3328,746,0,0
3329,746,0,0
3330,746,0,0
3331,746,0,0
3332,746,0,0
3333,746,0,0
3334,746,0,0
3335,746,0,0
3336,721,-25,0
3337,721,0,0
3338,721,0,0
3339,721,0,0
3340,721,0,0
3341,721,0,0
3342,721,0,0
3343,721,0,0
3344,721,0,0
3345,746,25,0
3346,746,0,0
3347,746,0,0
3348,746,0,0
3349,746,0,0
3350,746,0,0
3351,746,0,0
3352,746,0,0
3353,431,-315,0
3354,431,0,0
3355,746,315,0
3356,746,0,0
3357,746,0,0
3358,746,0,0
3359,746,0,0
3360,746,0,0
3361,746,0,0
3362,476,-270,0
3363,476,0,0
3364,746,270,0
3365,746,0,0
3366,746,0,0
3367,746,0,0
3368,746,0,0
3369,746,0,0
3370,746,0,0
3371,746,0,0
3372,746,0,0
3373,746,0,0
3374,746,0,0
3375,746,0,0
3376,746,0,0
3377,746,0,0
3378,746,0,0
3379,746,0,0
3380,746,0,0
3381,746,0,0
3382,746,0,0
3383,746,0,0
3384,746,0,0
3385,746,0,0
3386,746,0,0
3387,746,0,0
3388,746,0,0
3389,746,0,0
3390,746,0,0
3391,746,0,0
3392,746,0,0
3393,746,0,0
3394,746,0,0
3395,746,0,0
3396,746,0,0
3397,746,0,0
3398,746,0,0
3399,746,0,0
3400,746,0,0
3401,746,0,0
3402,746,0,0
3403,742,-4,0
3404,742,0,0
3405,741,-1,0
3406,746,5,0
3407,746,0,0
3408,746,0,0
3409,746,0,0
3410,746,0,0
3411,746,0,0
3412,183,-563,0
3413,746,563,0
3414,746,0,0
3415,746,0,0
3416,491,-255,0
3417,491,0,0
3418,491,0,0
3419,491,0,0
3420,491,0,0
3421,491,0,0
3422,491,0,0
3423,183,-308,0
3424,746,563,0
3425,79,-667,0
3426,746,667,0
3427,746,0,0
3428,183,-563,0
3429,746,563,0
3430,746,0,0
3431,746,0,0
3432,746,0,0
3433,746,0,0
3434,746,0,0
3435,740,-6,0
3436,740,0,0
3437,740,0,0
3438,740,0,0
3439,740,0,0
3440,183,-557,0
3441,76,-107,0
3442,741,665,0
3443,741,0,0
3444,741,0,0
3445,741,0,0
3446,741,0,0
3447,741,0,0
3448,741,0,0
3449,741,0,0
3450,741,0,0
3451,742,1,0
3452,742,0,0
3453,742,0,0
3454,742,0,0
3455,742,0,0
3456,742,0,0
3457,742,0,0
3458,742,0,0
3459,742,0,0
3460,742,0,0
3461,741,-1,0
3462,741,0,0
3463,741,0,0
3464,741,0,0
3465,741,0,0
3466,741,0,0
3467,741,0,0
3468,741,0,0
3469,741,0,0
3470,741,0,0
3471,741,0,0
3472,741,0,0
3473,741,0,0
3474,741,0,0
3475,741,0,0
3476,741,0,0
3477,725,-16,0
3478,725,0,0
3479,725,0,0
3480,725,0,0
3481,725,0,0
3482,725,0,0
3483,725,0,0
3484,725,0,0
3485,725,0,0
3486,725,0,0
3487,725,0,0
3488,725,0,0
3489,725,0,0
3490,725,0,0
3491,725,0,0
3492,725,0,0
3493,725,0,0
3494,725,0,0
3495,725,0,0
3496,725,0,0
3497,725,0,0
3498,725,0,0
3499,725,0,0
3500,725,0,0
3501,725,0,0
3502,725,0,0
3503,741,16,0
3504,741,0,0
3505,741,0,0
3506,741,0,0
3507,741,0,0
3508,741,0,0
3509,741,0,0
3510,741,0,0
3511,741,0,0
3512,74,-667,0
3513,741,667,0
3514,741,0,0
3515,741,0,0
3516,741,0,0
3517,741,0,0
3518,741,0,0
3519,741,0,0
3520,741,0,0
3521,741,0,0
3522,741,0,0
3523,741,0,0
3524,741,0,0
3525,741,0,0
3526,741,0,0
3527,741,0,0
3528,741,0,0
3529,741,0,0
3530,741,0,0
3531,741,0,0
3532,741,0,0
3533,741,0,0
3534,741,0,0
3535,741,0,0
3536,741,0,0
3537,74,-667,0
3538,74,0,0
3539,741,667,0
3540,741,0,0
3541,741,0,0
3542,741,0,0
3543,741,0,0
3544,741,0,0
3545,741,0,0
3546,741,0,0
3547,741,0,0
3548,741,0,0
3549,741,0,0
3550,741,0,0
3551,741,0,0
3552,741,0,0
3553,741,0,0
3554,741,0,0
3555,741,0,0
3556,741,0,0
3557,741,0,0
3558,741,0,0
3559,741,0,0
3560,741,0,0
3561,741,0,0
3562,741,0,0
3563,741,0,0
3564,741,0,0
3565,741,0,0
3566,741,0,0
3567,741,0,0
3568,741,0,0
3569,475,-266,0
3570,475,0,0
3571,475,0,0
3572,475,0,0
3573,725,250,0
3574,725,0,0
3575,725,0,0
3576,725,0,0
3577,725,0,0
3578,725,0,0
3579,725,0,0
3580,725,0,0
3581,725,0,0
3582,725,0,0
3583,725,0,0
3584,725,0,0
3585,725,0,0
3586,725,0,0
3587,725,0,0
3588,725,0,0
3589,725,0,0
3590,725,0,0
3591,725,0,0
3592,725,0,0
3593,725,0,0
3594,725,0,0
3595,725,0,0
3596,741,16,0
3597,741,0,0
3598,741,0,0
3599,741,0,0
3600,741,0,0
3601,735,-6,0
3602,735,0,0
3603,735,0,0
3604,741,6,0
3605,741,0,0
3606,741,0,0
3607,735,-6,0
3608,735,0,0
3609,741,6,0
3610,475,-266,0
3611,74,-401,0
3612,475,401,0
3613,74,-401,0
3614,74,0,0
3615,475,401,0
3616,475,0,0
3617,74,-401,0
3618,475,401,0
3619,741,266,0
3620,725,-16,0
3621,74,-651,0
3622,74,0,0
3623,475,401,0
3624,74,-401,0
3625,475,401,0
3626,475,0,0
3627,475,0,0
3628,475,0,0
3629,475,0,0
3630,475,0,0
3631,475,0,0
3632,475,0,0
3633,741,266,0
3634,741,0,0
3635,741,0,0
3636,741,0,0
3637,741,0,0
3638,741,0,0
3639,74,-667,0
3640,741,667,0
3641,741,0,0
3642,475,-266,0
3643,475,0,0
3644,475,0,0
3645,475,0,0
3646,475,0,0
3647,475,0,0
3648,83,-392,0
3649,83,0,0
3650,74,-9,0
3651,74,0,0
3652,74,0,0
3653,74,0,0
3654,475,401,0
3655,475,0,0
3656,741,266,0
3657,741,0,0
3658,741,0,0
3659,741,0,0
3660,741,0,0
3661,741,0,0
3662,741,0,0
3663,741,0,0
3664,741,0,0
3665,741,0,0
3666,741,0,0
3667,741,0,0
3668,741,0,0
3669,741,0,0
3670,741,0,0
3671,741,0,0
3672,741,0,0
3673,74,-667,0
3674,74,0,0
3675,74,0,0
3676,741,667,0
3677,741,0,0
3678,741,0,0
3679,741,0,0
3680,741,0,0
3681,741,0,0
3682,741,0,0
3683,741,0,0
3684,741,0,0
3685,741,0,0
3686,741,0,0
3687,741,0,0
3688,741,0,0
3689,741,0,0
3690,741,0,0
3691,741,0,0
3692,741,0,0
3693,741,0,0
3694,741,0,0
3695,741,0,0
3696,741,0,0
3697,741,0,0
3698,741,0,0
3699,741,0,0
3700,741,0,0
3701,741,0,0
3702,741,0,0
3703,741,0,0
3704,741,0,0
3705,741,0,0
3706,741,0,0
3707,741,0,0
3708,741,0,0
3709,741,0,0
3710,741,0,0
3711,76,-665,0
3712,741,665,0
3713,741,0,0
3714,76,-665,0
3715,76,0,0
3716,74,-2,0
3717,741,667,0
3718,741,0,0
3719,741,0,0
3720,741,0,0
3721,741,0,0
3722,741,0,0
3723,741,0,0
3724,741,0,0
3725,741,0,0
3726,741,0,0
3727,741,0,0
3728,741,0,0
3729,741,0,0
3730,741,0,0
3731,741,0,0
3732,741,0,0
3733,741,0,0
3734,741,0,0
3735,74,-667,0
3736,74,0,0
3737,741,667,0
3738,741,0,0
3739,741,0,0
3740,741,0,0
3741,741,0,0
3742,741,0,0
3743,741,0,0
3744,741,0,0
3745,741,0,0
3746,741,0,0
3747,741,0,0
3748,741,0,0
3749,741,0,0
3750,741,0,0
3751,741,0,0
3752,741,0,0
3753,741,0,0
3754,741,0,0
3755,741,0,0
3756,741,0,0
3757,741,0,0
3758,741,0,0
3759,741,0,0
3760,741,0,0
3761,741,0,0
3762,741,0,0
3763,741,0,0
3764,741,0,0
3765,741,0,0
3766,741,0,0
3767,741,0,0
3768,741,0,0
3769,741,0,0
3770,741,0,0
3771,741,0,0
3772,741,0,0
3773,741,0,0
3774,741,0,0
3775,741,0,0
3776,741,0,0
3777,741,0,0
3778,741,0,0
3779,741,0,0
3780,741,0,0
3781,725,-16,0
3782,725,0,0
3783,741,16,0
3784,725,-16,0
3785,725,0,0
3786,725,0,0
3787,725,0,0
3788,725,0,0
3789,725,0,0
3790,725,0,0
3791,725,0,0
3792,725,0,0
3793,725,0,0
3794,725,0,0
3795,741,16,0
3796,741,0,0
3797,725,-16,0
3798,725,0,0
3799,725,0,0
3800,725,0,0
3801,741,16,0
3802,725,-16,0
3803,182,-543,0
3804,725,543,0
3805,725,0,0
3806,725,0,0
3807,725,0,0
3808,725,0,0
3809,725,0,0
3810,725,0,0
3811,725,0,0
3812,725,0,0
3813,74,-651,0
3814,74,0,0
3815,76,2,0
3816,76,0,0
3817,74,-2,0
3818,76,2,0
3819,76,0,0
3820,76,0,0
3821,725,649,0
3822,725,0,0
3823,725,0,0
3824,725,0,0
3825,725,0,0
3826,725,0,0
3827,725,0,0
3828,725,0,0
3829,445,-280,0
3830,445,0,0
3831,445,0,0
3832,75,-370,0
3833,75,0,0
3834,74,-1,0
3835,725,651,0
3836,725,0,0
3837,725,0,0
3838,725,0,0
3839,725,0,0
3840,725,0,0
3841,725,0,0
3842,725,0,0
3843,725,0,0
3844,725,0,0
3845,725,0,0
3846,725,0,0
3847,725,0,0
3848,725,0,0
3849,725,0,0
3850,725,0,0
3851,725,0,0
3852,725,0,0
3853,725,0,0
3854,725,0,0
3855,725,0,0
3856,725,0,0
3857,725,0,0
3858,725,0,0
3859,725,0,0
3860,725,0,0
3861,725,0,0
3862,725,0,0
3863,725,0,0
3864,741,16,0
3865,741,0,0
3866,741,0,0
3867,741,0,0
3868,741,0,0
3869,741,0,0
3870,741,0,0
3871,741,0,0
3872,741,0,0
3873,741,0,0
3874,741,0,0
3875,741,0,0
3876,741,0,0
3877,741,0,0
3878,741,0,0
3879,741,0,0
3880,741,0,0
3881,725,-16,0
3882,725,0,0
3883,725,0,0
3884,725,0,0
3885,741,16,0
3886,741,0,0
3887,741,0,0
3888,741,0,0
3889,741,0,0
3890,741,0,0
3891,741,0,0
3892,741,0,0
3893,741,0,0
3894,741,0,0
3895,741,0,0
3896,741,0,0
3897,741,0,0
3898,741,0,0
3899,741,0,0
3900,741,0,0
3901,741,0,0
3902,741,0,0
3903,741,0,0
3904,741,0,0
3905,741,0,0
3906,741,0,0
3907,741,0,0
3908,741,0,0
3909,428,-313,0
3910,428,0,0
3911,741,313,0
3912,741,0,0
3913,741,0,0
3914,741,0,0
3915,741,0,0
3916,741,0,0
3917,741,0,0
3918,741,0,0
3919,741,0,0
3920,741,0,0
3921,741,0,0
3922,741,0,0
3923,741,0,0
3924,741,0,0
3925,741,0,0
3926,429,-312,0
3927,741,312,0
3928,741,0,0
3929,741,0,0
3930,741,0,0
3931,746,5,0
3932,746,0,0
3933,746,0,0
3934,746,0,0
3935,745,-1,0
3936,745,0,0
3937,745,0,0
3938,720,-25,0
3939,720,0,0
3940,720,0,0
3941,720,0,0
3942,720,0,0
3943,746,26,0
3944,720,-26,0
3945,720,0,0
3946,720,0,0
3947,720,0,0
3948,720,0,0
3949,720,0,0
3950,720,0,0
3951,720,0,0
3952,720,0,0
3953,720,0,0
3954,720,0,0
3955,720,0,0
3956,720,0,0
3957,720,0,0
3958,720,0,0
3959,311,-409,0
3960,311,0,0
3961,720,409,0
3962,741,21,0
3963,311,-430,0
3964,311,0,0
3965,741,430,0
3966,741,0,0
3967,741,0,0
3968,271,-470,0
3969,720,449,0
3970,741,21,0
3971,741,0,0
3972,741,0,0
3973,741,0,0
3974,741,0,0
3975,741,0,0
3976,741,0,0
3977,741,0,0
3978,741,0,0
3979,741,0,0
3980,741,0,0
3981,741,0,0
3982,741,0,0
3983,741,0,0
3984,741,0,0
3985,741,0,0
3986,741,0,0
3987,741,0,0
3988,741,0,0
3989,741,0,0
3990,741,0,0
3991,741,0,0
3992,741,0,0
3993,741,0,0
3994,741,0,0
3995,741,0,0
3996,741,0,0
3997,741,0,0
3998,741,0,0
3999,741,0,0
4000,741,0,0
4001,741,0,0
4002,741,0,0
4003,410,-331,0
4004,741,331,0
4005,741,0,0
4006,741,0,0
4007,410,-331,0
4008,741,331,0
4009,741,0,0
4010,741,0,0
4011,735,-6,0
4012,735,0,0
4013,735,0,0
4014,735,0,0
4015,735,0,0
4016,735,0,0
4017,735,0,0
4018,735,0,0
4019,735,0,0
4020,735,0,0
4021,735,0,0
4022,735,0,0
4023,735,0,0
4024,735,0,0
4025,735,0,0
4026,735,0,0
4027,735,0,0
4028,735,0,0
4029,735,0,0
4030,735,0,0
4031,735,0,0
4032,735,0,0
4033,741,6,0
4034,741,0,0
4035,741,0,0
4036,741,0,0
4037,741,0,0
4038,741,0,0
4039,741,0,0
4040,741,0,0
4041,741,0,0
4042,741,0,0
4043,741,0,0
4044,741,0,0
4045,735,-6,0
4046,735,0,0
4047,735,0,0
4048,741,6,0
4049,741,0,0
4050,741,0,0
4051,741,0,0
4052,741,0,0
4053,741,0,0
4054,741,0,0
4055,735,-6,0
4056,271,-464,0
4057,735,464,0
4058,735,0,0
4059,735,0,0
4060,735,0,0
4061,735,0,0
4062,735,0,0
4063,735,0,0
4064,735,0,0
4065,735,0,0
4066,735,0,0
4067,735,0,0
4068,735,0,0
4069,735,0,0
4070,735,0,0
4071,735,0,0
4072,735,0,0
4073,735,0,0
4074,735,0,0
4075,735,0,0
4076,741,6,0
4077,741,0,0
4078,741,0,0
4079,741,0,0
4080,741,0,0
4081,741,0,0
4082,741,0,0
4083,741,0,0
4084,741,0,0
4085,741,0,0
4086,735,-6,0
4087,735,0,0
4088,735,0,0
4089,735,0,0
4090,735,0,0
4091,735,0,0
4092,735,0,0
4093,741,6,0
4094,741,0,0
4095,735,-6,0
4096,735,0,0
4097,735,0,0
4098,735,0,0
4099,735,0,0
4100,735,0,0
4101,735,0,0
4102,735,0,0
4103,735,0,0
4104,735,0,0
4105,735,0,0
4106,735,0,0
4107,735,0,0
4108,735,0,0
4109,735,0,0
4110,735,0,0
4111,735,0,0
4112,735,0,0
4113,735,0,0
4114,735,0,0
4115,735,0,0
4116,735,0,0
4117,735,0,0
4118,735,0,0
4119,735,0,0
4120,735,0,0
4121,735,0,0
4122,735,0,0
4123,735,0,0
4124,735,0,0
4125,735,0,0
4126,735,0,0
4127,735,0,0
4128,735,0,0
4129,735,0,0
4130,735,0,0
4131,735,0,0
4132,735,0,0
4133,735,0,0
4134,735,0,0
4135,735,0,0
4136,735,0,0
4137,735,0,0
4138,735,0,0
4139,735,0,0
4140,735,0,0
4141,735,0,0
4142,735,0,0
4143,735,0,0
4144,735,0,0
4145,735,0,0
4146,735,0,0
4147,735,0,0
4148,735,0,0
4149,735,0,0
4150,735,0,0
4151,735,0,0
4152,735,0,0
4153,735,0,0
4154,735,0,0
4155,735,0,0
4156,735,0,0
4157,735,0,0
4158,735,0,0
4159,735,0,0
4160,735,0,0
4161,735,0,0
4162,735,0,0
4163,735,0,0
4164,271,-464,0
4165,271,0,0
4166,271,0,0
4167,271,0,0
4168,271,0,0
4169,271,0,0
4170,271,0,0
4171,735,464,0
4172,735,0,0
4173,735,0,0
4174,735,0,0
4175,735,0,0
4176,735,0,0
4177,735,0,0
4178,735,0,0
4179,735,0,0
4180,735,0,0
4181,735,0,0
4182,735,0,0
4183,735,0,0
4184,725,-10,0
4185,725,0,0
4186,725,0,0
4187,735,10,0
4188,735,0,0
4189,735,0,0
4190,735,0,0
4191,735,0,0
4192,735,0,0
4193,735,0,0
4194,735,0,0
4195,725,-10,0
4196,725,0,0
4197,725,0,0
4198,725,0,0
4199,725,0,0
4200,725,0,0
4201,735,10,0
4202,735,0,0
4203,735,0,0
4204,735,0,0
4205,735,0,0
4206,735,0,0
4207,735,0,0
4208,735,0,0
4209,735,0,0
4210,735,0,0
4211,735,0,0
4212,735,0,0
4213,735,0,0
4214,735,0,0
4215,735,0,0
4216,735,0,0
4217,735,0,0
4218,735,0,0
4219,735,0,0
4220,735,0,0
4221,735,0,0
4222,735,0,0
4223,735,0,0
4224,735,0,0
4225,735,0,0
4226,735,0,0
4227,735,0,0
4228,735,0,0
4229,735,0,0
4230,735,0,0
4231,735,0,0
4232,735,0,0
4233,735,0,0
4234,735,0,0
4235,735,0,0
4236,735,0,0
4237,735,0,0
4238,735,0,0
4239,735,0,0
4240,735,0,0
4241,735,0,0
4242,735,0,0
4243,735,0,0
4244,735,0,0
4245,735,0,0
4246,735,0,0
4247,735,0,0
4248,735,0,0
4249,735,0,0
4250,735,0,0
4251,735,0,0
4252,735,0,0
4253,735,0,0
4254,735,0,0
4255,735,0,0
4256,735,0,0
4257,741,6,0
4258,735,-6,0
4259,735,0,0
4260,735,0,0
4261,735,0,0
4262,735,0,0
4263,735,0,0
4264,735,0,0
4265,735,0,0
4266,735,0,0
4267,735,0,0
4268,735,0,0
4269,735,0,0
4270,735,0,0
4271,735,0,0
4272,735,0,0
4273,735,0,0
4274,735,0,0
4275,735,0,0
4276,735,0,0
4277,735,0,0
4278,735,0,0
4279,735,0,0
4280,735,0,0
4281,735,0,0
4282,735,0,0
4283,735,0,0
4284,735,0,0
4285,735,0,0
4286,735,0,0
4287,735,0,0
4288,735,0,0
4289,735,0,0
4290,735,0,0
4291,735,0,0
4292,735,0,0
4293,735,0,0
4294,735,0,0
4295,735,0,0
4296,735,0,0
4297,735,0,0
4298,735,0,0
4299,735,0,0
4300,735,0,0
4301,735,0,0
4302,735,0,0
4303,735,0,0
4304,735,0,0
4305,735,0,0
4306,735,0,0
4307,735,0,0
4308,735,0,0
4309,735,0,0
4310,735,0,0
4311,735,0,0
4312,735,0,0
4313,735,0,0
4314,735,0,0
4315,735,0,0
4316,741,6,0
4317,741,0,0
4318,741,0,0
4319,741,0,0
4320,741,0,0
4321,741,0,0
4322,741,0,0
4323,741,0,0
4324,741,0,0
4325,741,0,0
4326,741,0,0
4327,741,0,0
4328,741,0,0
4329,741,0,0
4330,741,0,0
4331,741,0,0
4332,741,0,0
4333,741,0,0
4334,741,0,0
4335,741,0,0
4336,741,0,0
4337,741,0,0
4338,741,0,0
4339,741,0,0
4340,741,0,0
4341,741,0,0
4342,741,0,0
4343,741,0,0
4344,741,0,0
4345,741,0,0
4346,741,0,0
4347,741,0,0
4348,741,0,0
4349,741,0,0
4350,741,0,0
4351,741,0,0
4352,741,0,0
4353,741,0,0
4354,741,0,0
4355,741,0,0
4356,741,0,0
4357,741,0,0
4358,741,0,0
4359,741,0,0
4360,741,0,0
4361,741,0,0
4362,741,0,0
4363,741,0,0
4364,741,0,0
4365,741,0,0
4366,741,0,0
4367,741,0,0
4368,741,0,0
4369,741,0,0
4370,741,0,0
4371,741,0,0
4372,741,0,0
4373,741,0,0
4374,741,0,0
4375,741,0,0
4376,741,0,0
4377,741,0,0
4378,741,0,0
4379,741,0,0
4380,741,0,0
4381,741,0,0
4382,741,0,0
4383,741,0,0
4384,741,0,0
4385,741,0,0
4386,741,0,0
4387,741,0,0
4388,741,0,0
4389,741,0,0
4390,741,0,0
4391,741,0,0
4392,741,0,0
4393,741,0,0
4394,741,0,0
4395,741,0,0
4396,741,0,0
4397,741,0,0
4398,741,0,0
4399,741,0,0
4400,741,0,0
4401,741,0,0
4402,741,0,0
4403,741,0,0
4404,741,0,0
4405,741,0,0
4406,741,0,0
4407,741,0,0
4408,741,0,0
4409,741,0,0
4410,741,0,0
4411,741,0,0
4412,741,0,0
4413,741,0,0
4414,741,0,0
4415,741,0,0
4416,741,0,0
4417,741,0,0
4418,741,0,0
4419,741,0,0
4420,741,0,0
4421,741,0,0
4422,741,0,0
4423,741,0,0
4424,741,0,0
4425,741,0,0
4426,741,0,0
4427,741,0,0
4428,741,0,0
4429,741,0,0
4430,741,0,0
4431,741,0,0
4432,741,0,0
4433,741,0,0
4434,741,0,0
4435,741,0,0
4436,741,0,0
4437,741,0,0
4438,741,0,0
4439,741,0,0
4440,741,0,0
4441,741,0,0
4442,745,4,0
4443,741,-4,0
4444,741,0,0
4445,741,0,0
4446,741,0,0
4447,741,0,0
4448,741,0,0
4449,741,0,0
4450,741,0,0
4451,741,0,0
4452,745,4,0
4453,745,0,0
4454,745,0,0
4455,745,0,0
4456,745,0,0
4457,745,0,0
4458,745,0,0
4459,745,0,0
4460,745,0,0
4461,745,0,0
4462,745,0,0
4463,745,0,0
4464,745,0,0
4465,741,-4,0
4466,741,0,0
4467,741,0,0
4468,741,0,0
4469,741,0,0
4470,741,0,0
4471,741,0,0
4472,741,0,0
4473,741,0,0
4474,741,0,0
4475,745,4,0
4476,745,0,0
4477,745,0,0
4478,745,0,0
4479,741,-4,0
4480,741,0,0
4481,741,0,0
4482,741,0,0
4483,741,0,0
4484,741,0,0
4485,741,0,0
4486,741,0,0
4487,741,0,0
4488,741,0,0
4489,741,0,0
4490,741,0,0
4491,741,0,0
4492,741,0,0
4493,741,0,0
4494,741,0,0
4495,741,0,0
4496,741,0,0
4497,741,0,0
4498,745,4,0
4499,745,0,0
4500,745,0,0
4501,741,-4,0
4502,741,0,0
4503,741,0,0
4504,741,0,0
4505,741,0,0
4506,741,0,0
4507,741,0,0
4508,741,0,0
4509,741,0,0
4510,741,0,0
4511,741,0,0
4512,741,0,0
4513,741,0,0
4514,741,0,0
4515,741,0,0
4516,741,0,0
4517,741,0,0
4518,741,0,0
4519,741,0,0
4520,741,0,0
4521,741,0,0
4522,741,0,0
4523,741,0,0
4524,741,0,0
4525,741,0,0
4526,741,0,0
4527,741,0,0
4528,741,0,0
4529,741,0,0
4530,741,0,0
4531,741,0,0
4532,720,-21,0
4533,720,0,0
4534,720,0,0
4535,741,21,0
4536,741,0,0
4537,741,0,0
4538,741,0,0
4539,741,0,0
4540,741,0,0
4541,741,0,0
4542,741,0,0
4543,741,0,0
4544,741,0,0
4545,741,0,0
4546,741,0,0
4547,741,0,0
4548,741,0,0
4549,741,0,0
4550,741,0,0
4551,741,0,0
4552,741,0,0
4553,741,0,0
4554,741,0,0
4555,741,0,0
4556,741,0,0
4557,741,0,0
4558,741,0,0
4559,741,0,0
4560,741,0,0
4561,741,0,0
4562,741,0,0
4563,741,0,0
4564,741,0,0
4565,741,0,0
4566,741,0,0
4567,741,0,0
4568,741,0,0
4569,741,0,0
4570,741,0,0
4571,741,0,0
4572,741,0,0
4573,741,0,0
4574,741,0,0
4575,741,0,0
4576,741,0,0
4577,741,0,0
4578,741,0,0
4579,741,0,0
4580,741,0,0
4581,741,0,0
4582,741,0,0
4583,741,0,0
4584,741,0,0
4585,741,0,0
4586,741,0,0
4587,741,0,0
4588,741,0,0
4589,741,0,0
4590,741,0,0
4591,741,0,0
4592,741,0,0
4593,741,0,0
4594,741,0,0
4595,741,0,0
4596,741,0,0
4597,741,0,0
4598,741,0,0
4599,741,0,0
4600,741,0,0
4601,741,0,0
4602,741,0,0
4603,741,0,0
4604,741,0,0
4605,741,0,0
4606,741,0,0
4607,741,0,0
4608,741,0,0
4609,741,0,0
4610,741,0,0
4611,741,0,0
4612,741,0,0
4613,741,0,0
4614,741,0,0
4615,741,0,0
4616,725,-16,0
4617,725,0,0
4618,725,0,0
4619,725,0,0
4620,741,16,0
4621,741,0,0
4622,741,0,0
4623,741,0,0
4624,741,0,0
4625,741,0,0
4626,741,0,0
4627,741,0,0
4628,741,0,0
4629,741,0,0
4630,741,0,0
4631,741,0,0
4632,741,0,0
4633,741,0,0
4634,741,0,0
4635,741,0,0
4636,741,0,0
4637,741,0,0
4638,741,0,0
4639,741,0,0
4640,741,0,0
4641,741,0,0
4642,741,0,0
4643,741,0,0
4644,741,0,0
4645,741,0,0
4646,741,0,0
4647,741,0,0
4648,741,0,0
4649,741,0,0
4650,741,0,0
4651,741,0,0
4652,741,0,0
4653,741,0,0
4654,741,0,0
4655,741,0,0
4656,741,0,0
4657,741,0,0
4658,741,0,0
4659,741,0,0
4660,741,0,0
4661,741,0,0
4662,741,0,0
4663,741,0,0
4664,741,0,0
4665,741,0,0
4666,741,0,0
4667,77,-664,0
4668,741,664,0
4669,741,0,0
4670,741,0,0
4671,741,0,0
4672,741,0,0
4673,741,0,0
4674,741,0,0
4675,741,0,0
4676,741,0,0
4677,741,0,0
4678,741,0,0
4679,741,0,0
4680,741,0,0
4681,741,0,0
4682,741,0,0
4683,741,0,0
4684,741,0,0
4685,741,0,0
4686,741,0,0
4687,741,0,0
4688,741,0,0
4689,741,0,0
4690,741,0,0
4691,741,0,0
4692,741,0,0
4693,741,0,0
4694,741,0,0
4695,741,0,0
4696,741,0,0
4697,741,0,0
4698,741,0,0
4699,741,0,0
4700,741,0,0
4701,741,0,0
4702,741,0,0
4703,741,0,0
4704,741,0,0
4705,741,0,0
4706,741,0,0
4707,741,0,0
4708,741,0,0
4709,741,0,0
4710,741,0,0
4711,741,0,0
4712,741,0,0
4713,741,0,0
4714,741,0,0
4715,741,0,0
4716,741,0,0
4717,741,0,0
4718,741,0,0
4719,741,0,0
4720,741,0,0
4721,741,0,0
4722,741,0,0
4723,741,0,0
4724,741,0,0
4725,741,0,0
4726,741,0,0
4727,741,0,0
4728,741,0,0
4729,741,0,0
4730,741,0,0
4731,741,0,0
4732,741,0,0
4733,741,0,0
4734,741,0,0
4735,741,0,0
4736,741,0,0
4737,741,0,0
4738,741,0,0
4739,741,0,0
4740,741,0,0
4741,741,0,0
4742,741,0,0
4743,741,0,0
4744,741,0,0
4745,741,0,0
4746,741,0,0
4747,741,0,0
4748,741,0,0
4749,741,0,0
4750,741,0,0
4751,741,0,0
4752,741,0,0
4753,741,0,0
4754,741,0,0
4755,741,0,0
4756,741,0,0
4757,741,0,0
4758,741,0,0
4759,741,0,0
4760,741,0,0
4761,741,0,0
4762,741,0,0
4763,741,0,0
4764,741,0,0
4765,741,0,0
4766,741,0,0
4767,741,0,0
4768,741,0,0
4769,741,0,0
4770,741,0,0
4771,741,0,0
4772,741,0,0
4773,93,-648,0
4774,74,-19,0
4775,741,667,0
4776,741,0,0
4777,741,0,0
4778,741,0,0
4779,741,0,0
4780,741,0,0
4781,741,0,0
4782,741,0,0
4783,741,0,0
4784,741,0,0
4785,741,0,0
4786,741,0,0
4787,741,0,0
4788,741,0,0
4789,741,0,0
4790,741,0,0
4791,741,0,0
4792,741,0,0
4793,741,0,0
4794,741,0,0
4795,741,0,0
4796,741,0,0
4797,741,0,0
4798,741,0,0
4799,741,0,0
4800,741,0,0
4801,506,-235,0
4802,506,0,0
4803,506,0,0
4804,506,0,0
4805,506,0,0
4806,506,0,0
4807,506,0,0
4808,725,219,0
4809,725,0,0
4810,74,-651,0
4811,76,2,0
4812,725,649,0
4813,741,16,0
4814,725,-16,0
4815,741,16,0
4816,741,0,0
4817,741,0,0
4818,741,0,0
4819,741,0,0
4820,741,0,0
4821,741,0,0
4822,741,0,0
4823,741,0,0
4824,741,0,0
4825,741,0,0
4826,741,0,0
4827,741,0,0
4828,741,0,0
4829,741,0,0
4830,741,0,0
4831,741,0,0
4832,741,0,0
4833,741,0,0
4834,741,0,0
4835,741,0,0
4836,741,0,0
4837,741,0,0
4838,741,0,0
4839,741,0,0
4840,741,0,0
4841,741,0,0
4842,741,0,0
4843,741,0,0
4844,741,0,0
4845,741,0,0
4846,741,0,0
4847,741,0,0
4848,741,0,0
4849,741,0,0
4850,741,0,0
4851,741,0,0
4852,741,0,0
4853,741,0,0
4854,741,0,0
4855,741,0,0
4856,741,0,0
4857,741,0,0
4858,741,0,0
4859,741,0,0
4860,77,-664,0
4861,76,-1,0
4862,74,-2,0
4863,741,667,0
4864,741,0,0
4865,741,0,0
4866,741,0,0
4867,741,0,0
4868,741,0,0
4869,741,0,0
4870,741,0,0
4871,741,0,0
4872,741,0,0
4873,741,0,0
4874,741,0,0
4875,741,0,0
4876,741,0,0
4877,741,0,0
4878,741,0,0
4879,741,0,0
4880,741,0,0
4881,741,0,0
4882,741,0,0
4883,741,0,0
4884,741,0,0
4885,741,0,0
4886,741,0,0
4887,741,0,0
4888,741,0,0
4889,741,0,0
4890,741,0,0
4891,741,0,0
4892,741,0,0
4893,741,0,0
4894,741,0,0
4895,741,0,0
4896,741,0,0
4897,741,0,0
4898,741,0,0
4899,741,0,0
4900,741,0,0
4901,741,0,0
4902,741,0,0
4903,741,0,0
4904,741,0,0
4905,741,0,0
4906,741,0,0
4907,741,0,0
4908,741,0,0
4909,741,0,0
4910,741,0,0
4911,741,0,0
4912,741,0,0
4913,741,0,0
4914,741,0,0
4915,741,0,0
4916,741,0,0
4917,741,0,0
4918,741,0,0
4919,742,1,0
4920,742,0,0
4921,741,-1,0
4922,741,0,0
4923,741,0,0
4924,741,0,0
4925,183,-558,0
4926,183,0,0
4927,183,0,0
4928,183,0,0
4929,183,0,0
4930,746,563,0
4931,746,0,0
4932,746,0,0
4933,746,0,0
4934,746,0,0
4935,746,0,0
4936,746,0,0
4937,746,0,0
4938,746,0,0
4939,746,0,0
4940,746,0,0
4941,746,0,0
4942,746,0,0
4943,183,-563,0
4944,183,0,0
4945,183,0,0
4946,183,0,0
4947,746,563,0
4948,746,0,0
4949,746,0,0
4950,746,0,0
4951,746,0,0
4952,746,0,0
4953,746,0,0
4954,746,0,0
4955,746,0,0
4956,746,0,0
4957,746,0,0
4958,746,0,0
4959,746,0,0
4960,746,0,0
4961,746,0,0
4962,746,0,0
4963,746,0,0
4964,746,0,0
4965,746,0,0
4966,746,0,0
4967,746,0,0
4968,746,0,0
4969,746,0,0
4970,746,0,0
4971,746,0,0
4972,746,0,0
4973,746,0,0
4974,746,0,0
4975,746,0,0
4976,746,0,0
4977,746,0,0
4978,746,0,0
4979,746,0,0
4980,746,0,0
4981,746,0,0
4982,746,0,0
4983,746,0,0
4984,746,0,0
4985,746,0,0
4986,746,0,0
4987,431,-315,0
4988,746,315,0
4989,746,0,0
4990,746,0,0
4991,746,0,0
4992,746,0,0
4993,746,0,0
4994,741,-5,0
4995,746,5,0
4996,746,0,0
4997,746,0,0
4998,746,0,0
4999,746,0,0
5000,746,0,0
5001,746,0,0
5002,746,0,0
5003,746,0,0
5004,746,0,0
5005,746,0,0
5006,746,0,0
5007,746,0,0
5008,746,0,0
5009,746,0,0
5010,746,0,0
5011,746,0,0
5012,746,0,0
5013,746,0,0
5014,746,0,0
5015,746,0,0
5016,746,0,0
5017,746,0,0
5018,746,0,0
5019,746,0,0
5020,746,0,0
5021,746,0,0
5022,461,-285,0
5023,461,0,0
5024,746,285,0
5025,746,0,0
5026,746,0,0
5027,183,-563,0
5028,183,0,0
5029,183,0,0
5030,183,0,0
5031,183,0,0
5032,183,0,0
5033,746,563,0
5034,746,0,0
5035,746,0,0
5036,746,0,0
5037,746,0,0
5038,746,0,0
5039,746,0,0
5040,746,0,0
5041,746,0,0
5042,746,0,0
5043,461,-285,0
5044,183,-278,0
5045,746,563,0
5046,746,0,0
5047,746,0,0
5048,746,0,0
5049,746,0,0
5050,746,0,0
5051,183,-563,0
5052,183,0,0
5053,87,-96,0
5054,183,96,0
5055,183,0,0
5056,183,0,0
5057,183,0,0
5058,183,0,0
5059,183,0,0
5060,183,0,0
5061,183,0,0
5062,183,0,0
5063,183,0,0
5064,183,0,0
5065,183,0,0
5066,88,-95,0
5067,183,95,0
5068,183,0,0
5069,746,563,0
5070,746,0,0
5071,746,0,0
5072,491,-255,0
5073,491,0,0
5074,491,0,0
5075,491,0,0
5076,491,0,0
5077,491,0,0
5078,491,0,0
5079,746,255,0
5080,746,0,0
5081,746,0,0
5082,746,0,0
5083,746,0,0
5084,746,0,0
5085,746,0,0
5086,746,0,0
5087,746,0,0
5088,746,0,0
5089,746,0,0
5090,746,0,0
5091,746,0,0
5092,746,0,0
5093,746,0,0
5094,746,0,0
5095,746,0,0
5096,746,0,0
5097,746,0,0
5098,746,0,0
5099,746,0,0
5100,746,0,0
5101,746,0,0
5102,746,0,0
5103,746,0,0
5104,746,0,0
5105,746,0,0
5106,746,0,0
5107,746,0,0
5108,746,0,0
5109,746,0,0
5110,746,0,0
5111,746,0,0
5112,746,0,0
5113,746,0,0
5114,746,0,0
5115,746,0,0
5116,746,0,0
5117,746,0,0
5118,746,0,0
5119,746,0,0
5120,746,0,0
5121,746,0,0
5122,746,0,0
5123,746,0,0
5124,746,0,0
5125,746,0,0
5126,746,0,0
5127,746,0,0
5128,746,0,0
5129,746,0,0
5130,746,0,0
5131,746,0,0
5132,746,0,0
5133,746,0,0
5134,746,0,0
5135,746,0,0
5136,746,0,0
5137,746,0,0
5138,746,0,0
5139,746,0,0
5140,746,0,0
5141,746,0,0
5142,746,0,0
5143,746,0,0
5144,746,0,0
5145,746,0,0
5146,746,0,0
5147,746,0,0
5148,746,0,0
5149,746,0,0
5150,746,0,0
5151,746,0,0
5152,746,0,0
5153,746,0,0
5154,746,0,0
5155,746,0,0
5156,746,0,0
5157,746,0,0
5158,721,-25,0
5159,721,0,0
5160,721,0,0
5161,721,0,0
5162,721,0,0
5163,721,0,0
5164,721,0,0
5165,746,25,0
5166,746,0,0
5167,746,0,0
5168,746,0,0
5169,746,0,0
5170,746,0,0
5171,746,0,0
5172,746,0,0
5173,746,0,0
5174,746,0,0
5175,746,0,0
5176,746,0,0
5177,746,0,0
5178,746,0,0
5179,746,0,0
5180,746,0,0
5181,746,0,0
5182,746,0,0
5183,746,0,0
5184,746,0,0
5185,746,0,0
5186,746,0,0
5187,746,0,0
5188,746,0,0
5189,746,0,0
5190,736,-10,0
5191,746,10,0
5192,746,0,0
5193,746,0,0
5194,746,0,0
5195,746,0,0
5196,746,0,0
5197,746,0,0
5198,746,0,0
5199,746,0,0
5200,746,0,0
5201,746,0,0
5202,746,0,0
5203,746,0,0
5204,746,0,0
5205,746,0,0
5206,746,0,0
5207,746,0,0
5208,746,0,0
5209,746,0,0
5210,746,0,0
5211,746,0,0
5212,746,0,0
5213,746,0,0
5214,746,0,0
5215,746,0,0
5216,746,0,0
5217,746,0,0
5218,183,-563,0
5219,183,0,0
5220,183,0,0
5221,742,559,0
5222,742,0,0
5223,742,0,0
5224,742,0,0
5225,742,0,0
5226,746,4,0
5227,746,0,0
5228,746,0,0
5229,746,0,0
5230,746,0,0
5231,746,0,0
5232,746,0,0
5233,746,0,0
5234,746,0,0
5235,746,0,0
5236,746,0,0
5237,746,0,0
5238,746,0,0
5239,746,0,0
5240,721,-25,0
5241,721,0,0
5242,721,0,0
5243,747,26,0
5244,747,0,0
5245,747,0,0
5246,747,0,0
5247,746,-1,0
5248,746,0,0
5249,746,0,0
5250,746,0,0
5251,746,0,0
5252,746,0,0
5253,746,0,0
5254,746,0,0
5255,746,0,0
5256,746,0,0
5257,746,0,0
5258,747,1,0
5259,747,0,0
5260,747,0,0
5261,721,-26,0
5262,747,26,0
5263,747,0,0
5264,747,0,0
5265,747,0,0
5266,747,0,0
5267,747,0,0
5268,747,0,0
5269,747,0,0
5270,747,0,0
5271,747,0,0
5272,747,0,0
5273,747,0,0
5274,747,0,0
5275,747,0,0
5276,747,0,0
5277,747,0,0
5278,747,0,0
5279,747,0,0
5280,747,0,0
5281,742,-5,0
5282,742,0,0
5283,742,0,0
5284,742,0,0
5285,758,16,0
5286,758,0,0
5287,758,0,0
5288,758,0,0
5289,747,-11,0
5290,747,0,0
5291,747,0,0
5292,742,-5,0
5293,742,0,0
5294,742,0,0
5295,742,0,0
5296,742,0,0
5297,742,0,0
5298,742,0,0
5299,746,4,0
5300,746,0,0
5301,746,0,0
5302,746,0,0
5303,746,0,0
5304,746,0,0
5305,746,0,0
5306,756,10,0
5307,756,0,0
5308,756,0,0
